user_id,variant,assigned_day,pre_margin_kopecks
0,B,0,0
1,A,0,2386
2,A,0,3870
3,B,0,0
4,A,0,3819
5,A,0,0
6,B,0,0
7,B,0,0
8,B,0,1272
9,A,0,1090
10,A,0,3195
11,A,0,4628
12,B,0,0
13,A,0,815
14,A,0,1191
15,A,0,5208
16,B,0,2724
17,B,0,1403
18,B,0,0
19,B,0,6000
20,A,0,3160
21,B,0,1323
22,A,0,0
23,B,0,0
24,B,0,0
25,B,0,0
26,B,0,2364
27,B,0,1110
28,A,0,1000
29,B,0,4965
30,B,0,0
31,A,0,6940
32,A,0,0
33,A,0,2764
34,B,0,2620
35,B,0,1565
36,A,0,5012
37,B,0,0
38,B,0,1936
39,A,0,0
40,B,0,1367
41,A,0,2884
42,B,0,4360
43,B,0,1441
44,B,0,3996
45,A,0,3146
46,A,0,0
47,B,0,1545
48,A,0,0
49,A,0,5505
50,A,0,0
51,A,0,6805
52,A,0,2210
53,A,0,1526
54,B,0,1247
55,A,0,1083
56,A,0,5352
57,B,0,2492
58,A,0,0
59,A,0,0
60,A,0,4641
61,B,0,4788
62,A,0,2930
63,A,0,0
64,B,0,0
65,B,0,11736
66,B,0,4936
67,B,0,7063
68,A,0,1227
69,A,0,1599
70,A,0,0
71,A,0,5208
72,A,0,5145
73,A,0,4240
74,A,0,5204
75,A,0,0
76,A,0,0
77,B,0,7510
78,B,0,2562
79,A,0,2856
80,A,0,0
81,B,0,1079
82,A,0,3764
83,A,0,949
84,A,0,0
85,A,0,6692
86,A,0,16392
87,B,0,0
88,A,0,1127
89,A,0,0
90,A,0,0
91,A,0,3993
92,A,0,2688
93,A,0,0
94,A,0,0
95,B,0,2834
96,B,0,2288
97,A,0,5020
98,A,0,2856
99,B,0,8896
100,A,0,0
101,A,0,0
102,B,0,4143
103,A,0,845
104,A,0,4614
105,A,0,0
106,A,0,2637
107,A,0,0
108,A,0,1300
109,A,0,3075
110,B,0,1360
111,B,0,3952
112,A,0,0
113,B,0,0
114,B,0,1587
115,B,0,3136
116,B,0,1064
117,A,0,0
118,B,0,1286
119,A,0,2988
120,A,0,1485
121,B,0,878
122,B,0,1860
123,B,0,1672
124,A,0,0
125,B,0,1307
126,B,0,1237
127,B,0,972
128,A,0,2520
129,A,0,1600
130,B,0,3249
131,B,0,1586
132,B,0,955
133,A,0,3992
134,A,0,1634
135,B,0,923
136,A,0,6632
137,A,0,1320
138,A,0,2298
139,B,0,3160
140,B,0,5932
141,B,0,6720
142,B,0,1934
143,B,0,0
144,B,0,8750
145,A,0,3891
146,B,0,3124
147,B,0,7326
148,A,0,2088
149,A,0,1476
150,A,0,0
151,B,0,3612
152,A,0,2758
153,A,0,4704
154,B,0,0
155,A,0,4251
156,A,0,1742
157,A,0,4256
158,A,0,2402
159,B,0,2968
160,B,0,0
161,B,0,0
162,B,0,1776
163,A,0,3054
164,A,0,0
165,B,0,0
166,B,0,3012
167,B,0,865
168,A,0,2684
169,B,0,2834
170,A,0,7203
171,B,0,4410
172,A,0,2942
173,B,0,4948
174,B,0,806
175,A,0,0
176,A,0,12008
177,A,0,6465
178,B,0,1340
179,A,0,1114
180,B,0,7903
181,B,0,3999
182,A,0,872
183,B,0,0
184,A,0,1010
185,A,0,2142
186,A,0,4224
187,B,0,3339
188,B,0,4818
189,A,0,0
190,B,0,4552
191,A,0,2782
192,A,0,815
193,B,0,4476
194,A,0,1167
195,A,0,4485
196,A,0,0
197,A,0,916
198,A,0,927
199,B,0,4350
200,A,0,2554
201,A,0,1378
202,B,0,0
203,A,0,4656
204,A,0,1563
205,B,0,1597
206,A,0,889
207,A,0,1372
208,B,0,917
209,B,0,5555
210,B,0,0
211,A,0,0
212,B,0,5030
213,B,0,6930
214,B,0,2202
215,B,0,1150
216,A,0,9312
217,A,0,2568
218,B,0,10752
219,B,0,1786
220,A,0,1377
221,A,0,5608
222,A,0,1169
223,A,0,0
224,B,0,1110
225,A,0,1433
226,A,0,4752
227,B,0,0
228,B,0,1197
229,B,0,0
230,A,0,859
231,A,0,1962
232,A,0,2082
233,B,0,9760
234,B,0,2204
235,A,0,2682
236,A,0,0
237,B,0,3189
238,B,0,9863
239,B,0,1954
240,B,0,0
241,B,0,0
242,A,0,8155
243,B,0,4044
244,A,0,0
245,A,0,4209
246,A,0,6013
247,A,0,4805
248,A,0,0
249,B,0,1884
250,B,0,0
251,B,0,815
252,A,0,0
253,B,0,1481
254,B,0,3672
255,B,0,0
256,B,0,6342
257,B,0,1029
258,A,0,0
259,B,0,0
260,A,0,0
261,A,0,7260
262,B,0,0
263,B,0,0
264,A,0,0
265,A,0,2733
266,A,0,7968
267,A,0,3576
268,A,0,0
269,A,0,1590
270,B,0,3652
271,A,0,5817
272,A,0,4736
273,B,0,1591
274,A,0,954
275,B,0,1033
276,A,0,1287
277,B,0,4796
278,B,0,1730
279,B,0,0
280,A,0,4735
281,A,0,0
282,B,0,1848
283,B,0,4320
284,A,0,2936
285,A,0,1178
286,B,0,2054
287,B,0,1094
288,A,0,1664
289,B,0,3333
290,B,0,1040
291,B,0,0
292,B,0,2376
293,B,0,3927
294,B,0,1469
295,A,0,1537
296,A,0,2433
297,A,0,2670
298,A,0,0
299,B,0,1501
300,B,0,1884
301,B,0,4479
302,B,0,0
303,A,0,7656
304,B,0,1876
305,B,0,3804
306,A,0,0
307,B,0,4431
308,A,0,1630
309,A,0,3384
310,B,0,948
311,B,0,4780
312,B,0,2100
313,A,0,0
314,B,0,1172
315,A,0,2601
316,A,0,7944
317,B,0,0
318,A,0,0
319,B,0,1442
320,B,0,0
321,B,0,0
322,A,0,1890
323,A,0,1894
324,B,0,3000
325,A,0,5645
326,B,0,1548
327,A,0,2048
328,A,0,1244
329,B,0,2366
330,B,0,801
331,A,0,0
332,B,0,1140
333,B,0,2652
334,B,0,0
335,B,0,11286
336,A,0,1180
337,A,0,0
338,A,0,947
339,B,0,0
340,A,0,833
341,B,0,1013
342,B,0,0
343,A,0,1594
344,B,0,4059
345,B,0,5072
346,B,0,9976
347,B,0,0
348,B,0,4692
349,B,0,0
350,B,0,6986
351,A,0,0
352,B,0,2650
353,B,0,1728
354,A,0,1263
355,B,0,0
356,A,0,976
357,B,0,896
358,A,0,3603
359,A,0,3345
360,B,0,4890
361,A,0,0
362,A,0,0
363,A,0,1270
364,B,0,2288
365,A,0,1516
366,A,0,1207
367,B,0,1536
368,B,0,6975
369,B,0,989
370,A,0,0
371,B,0,2889
372,A,0,0
373,A,0,2320
374,B,0,0
375,A,0,893
376,A,0,1533
377,A,0,2250
378,B,0,948
379,A,0,0
380,B,0,2424
381,B,0,2742
382,A,0,3692
383,A,0,954
384,B,0,804
385,A,0,2439
386,A,0,0
387,B,0,807
388,A,0,0
389,B,0,1968
390,B,0,8058
391,B,0,2006
392,B,0,1403
393,B,0,1393
394,A,0,2252
395,B,0,2880
396,A,0,3771
397,A,0,7518
398,B,0,1726
399,A,0,0
400,B,0,993
401,B,0,0
402,B,0,0
403,A,0,1468
404,B,0,1962
405,A,0,2356
406,B,0,1502
407,A,0,0
408,A,0,2866
409,B,0,2568
410,A,0,2550
411,A,0,0
412,A,0,0
413,B,0,0
414,B,0,1384
415,A,0,0
416,B,0,3258
417,B,0,6400
418,B,0,4630
419,B,0,0
420,A,0,1950
421,A,0,0
422,B,0,1351
423,B,0,1904
424,B,0,3868
425,B,0,8561
426,A,0,1632
427,A,0,0
428,B,0,0
429,A,0,2906
430,B,0,2440
431,B,0,3561
432,A,0,3879
433,B,0,0
434,B,0,5280
435,B,0,1358
436,B,0,4743
437,A,0,7560
438,A,0,0
439,B,0,0
440,A,0,0
441,B,0,4698
442,B,0,1429
443,B,0,4566
444,B,0,2706
445,A,0,0
446,A,0,5650
447,B,0,6139
448,B,0,3560
449,B,0,2702
450,A,0,2988
451,A,0,2505
452,A,0,5164
453,A,0,3148
454,B,0,0
455,B,0,0
456,B,0,2901
457,B,0,2410
458,B,0,5272
459,A,0,1174
460,A,0,0
461,A,0,0
462,B,0,0
463,A,0,1186
464,B,0,4119
465,A,0,2084
466,B,0,0
467,A,0,915
468,A,0,0
469,A,0,0
470,A,0,2704
471,A,0,8976
472,B,0,1314
473,A,0,0
474,A,0,1730
475,A,0,1003
476,B,0,0
477,B,0,0
478,A,0,0
479,A,0,2714
480,B,0,5826
481,A,0,0
482,B,0,4359
483,A,0,930
484,B,0,3444
485,A,0,0
486,B,0,0
487,A,0,0
488,B,0,0
489,A,0,2332
490,A,0,4725
491,A,0,0
492,B,0,4383
493,A,0,1207
494,B,0,902
495,A,0,4041
496,B,0,7235
497,B,0,2655
498,A,0,0
499,B,0,4135
500,B,0,1062
501,A,0,1379
502,B,0,13286
503,B,0,2182
504,A,0,6870
505,B,0,0
506,B,0,6985
507,A,0,4932
508,A,0,1632
509,B,0,5595
510,B,0,5070
511,B,0,4248
512,A,0,5015
513,A,0,2138
514,B,0,1076
515,B,0,4065
516,A,0,906
517,A,0,2620
518,B,0,2400
519,A,0,1107
520,A,0,3600
521,A,0,6810
522,B,0,3084
523,B,0,3915
524,A,0,2008
525,A,0,2126
526,B,0,0
527,B,0,2598
528,A,0,4330
529,B,0,891
530,A,0,8968
531,A,0,8190
532,A,0,0
533,B,0,3156
534,B,0,4088
535,B,0,2396
536,A,0,1782
537,A,0,2352
538,A,0,1477
539,B,0,4720
540,A,0,827
541,A,0,2590
542,B,0,1480
543,B,0,1093
544,B,0,1290
545,B,0,1215
546,A,0,2546
547,B,0,2846
548,B,0,2738
549,B,0,7821
550,B,0,2716
551,A,0,0
552,B,0,3411
553,A,0,6120
554,B,0,9709
555,B,0,3342
556,B,0,0
557,A,0,0
558,B,0,846
559,A,0,5340
560,B,0,4540
561,A,0,1569
562,B,0,0
563,B,0,1193
564,A,0,11592
565,B,0,849
566,B,0,3960
567,B,0,4232
568,A,0,7578
569,A,0,2804
570,A,0,0
571,B,0,970
572,A,0,2808
573,A,0,0
574,A,0,4236
575,B,0,4587
576,B,0,0
577,A,0,3423
578,B,0,0
579,A,0,2978
580,A,0,1700
581,A,0,0
582,B,0,3122
583,B,0,0
584,A,0,8176
585,B,0,0
586,A,0,0
587,A,0,1201
588,A,0,0
589,B,0,1285
590,B,0,8586
591,A,0,859
592,A,0,2040
593,B,0,0
594,B,0,4304
595,A,0,1255
596,A,0,7775
597,A,0,7005
598,A,0,2721
599,A,0,0
600,A,0,1255
601,B,0,866
602,B,0,1226
603,A,0,880
604,B,0,0
605,A,0,1507
606,B,0,0
607,A,0,3867
608,A,0,6136
609,B,0,4470
610,B,0,0
611,B,0,0
612,B,0,2022
613,B,0,1832
614,A,0,0
615,B,0,1838
616,A,0,0
617,B,0,2420
618,B,0,846
619,B,0,2560
620,B,0,7710
621,B,0,0
622,A,0,1938
623,A,0,0
624,A,0,1516
625,B,0,3645
626,A,0,1590
627,B,0,1592
628,A,0,0
629,B,0,1263
630,B,0,3076
631,B,0,4775
632,A,0,827
633,B,0,7560
634,A,0,3376
635,B,0,0
636,A,0,4910
637,A,0,4280
638,A,0,1036
639,B,0,1806
640,B,0,0
641,A,0,2764
642,A,0,4480
643,B,0,1604
644,A,0,0
645,A,0,2780
646,A,0,1311
647,A,0,2962
648,A,0,4864
649,B,0,0
650,B,0,4338
651,A,0,9926
652,A,0,1026
653,B,0,3444
654,B,0,10458
655,A,0,3732
656,B,0,0
657,B,0,3308
658,A,0,3843
659,B,0,0
660,B,0,4972
661,A,0,2780
662,A,0,4692
663,A,0,2934
664,B,0,1282
665,A,0,1289
666,B,0,993
667,B,0,0
668,A,0,992
669,A,0,10640
670,B,0,0
671,A,0,2728
672,B,0,0
673,A,0,2409
674,B,0,1073
675,B,0,4470
676,A,0,4311
677,A,0,0
678,A,0,3212
679,A,0,4204
680,B,0,1072
681,A,0,0
682,A,0,4317
683,B,0,0
684,A,0,1367
685,B,0,0
686,B,0,1138
687,B,0,833
688,B,0,0
689,A,0,1501
690,A,0,3920
691,B,0,3495
692,A,0,1333
693,B,0,2376
694,B,0,0
695,B,0,2522
696,B,0,806
697,A,0,0
698,A,0,11907
699,B,0,3024
700,A,0,1866
701,B,0,2172
702,A,0,1698
703,A,0,0
704,A,0,2330
705,A,0,1234
706,B,0,4076
707,B,0,1812
708,A,0,7940
709,B,0,0
710,B,0,1104
711,B,0,2820
712,B,0,0
713,B,0,1864
714,B,0,3240
715,A,0,4200
716,B,0,1019
717,A,0,1358
718,B,0,1481
719,A,0,2654
720,B,0,0
721,B,0,2628
722,A,0,0
723,A,0,0
724,A,0,9208
725,A,0,5105
726,A,0,4160
727,B,0,0
728,B,0,830
729,A,0,1816
730,B,0,2132
731,B,0,4074
732,B,0,2238
733,A,0,2396
734,B,0,0
735,A,0,2018
736,A,0,4048
737,B,0,5792
738,A,0,3172
739,B,0,3330
740,A,0,1718
741,B,0,1427
742,A,0,1087
743,B,0,0
744,A,0,0
745,B,0,9060
746,B,0,0
747,B,0,4620
748,A,0,13300
749,B,0,1557
750,B,0,1323
751,B,0,6606
752,B,0,1297
753,A,0,6780
754,B,0,1030
755,A,0,2418
756,B,0,1119
757,A,0,5985
758,A,0,2498
759,A,0,1505
760,B,0,1527
761,B,0,0
762,A,0,1092
763,A,0,0
764,A,0,7220
765,A,0,5464
766,B,0,0
767,B,0,0
768,B,0,4300
769,A,0,10598
770,B,0,6230
771,B,0,0
772,A,0,0
773,A,0,1030
774,B,0,2366
775,A,0,3504
776,A,0,913
777,A,0,0
778,B,0,0
779,B,0,0
780,A,0,8616
781,B,0,3660
782,A,0,4465
783,A,0,3198
784,A,0,1125
785,A,0,7100
786,B,0,0
787,A,0,2991
788,A,0,3804
789,A,0,1138
790,A,0,1108
791,A,0,3984
792,A,0,7518
793,A,0,0
794,B,0,3963
795,B,0,4536
796,B,0,4752
797,B,0,0
798,B,0,2979
799,B,0,0
800,A,0,1842
801,B,0,0
802,A,0,4230
803,A,0,820
804,B,0,0
805,B,0,1003
806,B,0,7910
807,A,0,4203
808,B,0,0
809,A,0,1417
810,A,0,1501
811,A,0,2700
812,B,0,2415
813,A,0,0
814,B,0,2094
815,B,0,1115
816,A,0,5948
817,B,0,2072
818,A,0,9204
819,A,0,0
820,B,0,4617
821,B,0,2594
822,A,0,0
823,A,0,6564
824,B,0,9864
825,B,0,2260
826,B,0,5636
827,B,0,2580
828,B,0,4665
829,B,0,4107
830,B,0,1410
831,B,0,2790
832,B,0,861
833,A,0,1752
834,A,0,1141
835,A,0,0
836,B,0,947
837,A,0,1784
838,A,0,2606
839,A,0,6625
840,A,0,0
841,A,0,2586
842,B,0,2084
843,A,0,0
844,A,0,3681
845,B,0,934
846,B,0,2466
847,B,0,1334
848,A,0,4700
849,B,0,1848
850,A,0,1038
851,B,0,0
852,B,0,3960
853,A,0,0
854,B,0,2472
855,A,0,1358
856,B,0,1450
857,B,0,5130
858,A,0,2356
859,A,0,1559
860,A,0,861
861,B,0,5284
862,A,0,1020
863,A,0,0
864,A,0,0
865,B,0,2442
866,A,0,0
867,B,0,3308
868,A,0,4131
869,A,0,2928
870,B,0,0
871,A,0,1872
872,B,0,876
873,B,0,9234
874,B,0,0
875,A,0,2138
876,A,0,0
877,B,0,978
878,B,0,2178
879,B,0,895
880,B,0,0
881,B,0,4164
882,B,0,7335
883,B,0,2022
884,B,0,6112
885,B,0,0
886,A,0,1061
887,B,0,932
888,A,0,1558
889,A,0,0
890,B,0,1024
891,A,0,2958
892,A,0,9162
893,A,0,1984
894,A,0,6474
895,A,0,7140
896,A,0,1462
897,B,0,0
898,A,0,0
899,B,0,0
900,B,0,1383
901,B,0,0
902,A,0,4626
903,B,0,0
904,B,0,969
905,A,0,1329
906,B,0,0
907,B,0,0
908,A,0,0
909,B,0,0
910,B,0,4230
911,A,0,4228
912,A,0,3868
913,A,0,1286
914,B,0,1672
915,B,0,0
916,A,0,7728
917,B,0,6725
918,A,0,2878
919,A,0,0
920,A,0,0
921,B,0,0
922,A,0,1199
923,B,0,2150
924,B,0,0
925,A,0,2854
926,A,0,1478
927,B,0,2378
928,B,0,1087
929,B,0,942
930,B,0,1253
931,A,0,996
932,B,0,3294
933,A,0,2703
934,B,0,1300
935,A,0,2571
936,B,0,0
937,B,0,7865
938,A,0,2282
939,B,0,829
940,B,0,2064
941,A,0,0
942,B,0,832
943,A,0,1473
944,B,0,1349
945,A,0,2952
946,B,0,0
947,B,0,3096
948,A,0,4580
949,B,0,4930
950,B,0,0
951,A,0,2972
952,B,0,910
953,B,0,6236
954,B,0,0
955,B,0,1234
956,B,0,1636
957,B,0,4855
958,A,0,2686
959,A,0,971
960,B,0,0
961,A,0,0
962,B,0,2619
963,B,0,0
964,B,0,1048
965,B,0,881
966,B,0,899
967,A,0,4990
968,B,0,0
969,B,0,4614
970,B,0,5468
971,B,0,2588
972,B,0,5744
973,A,0,2342
974,B,0,0
975,B,0,4014
976,B,0,3987
977,A,0,3052
978,B,0,2954
979,B,0,6332
980,B,0,5782
981,A,0,1431
982,A,0,1350
983,A,0,3138
984,B,0,3680
985,B,0,0
986,A,0,1050
987,B,0,1520
988,B,0,0
989,A,0,2637
990,B,0,4260
991,B,0,0
992,A,0,2412
993,B,0,3048
994,A,0,2985
995,A,0,1506
996,A,0,6044
997,A,0,3692
998,A,0,0
999,A,0,848
1000,B,0,5820
1001,B,0,4140
1002,A,0,6531
1003,B,0,1106
1004,B,0,2898
1005,B,0,6180
1006,A,0,2606
1007,A,0,6538
1008,B,0,0
1009,A,0,2548
1010,A,0,0
1011,B,0,852
1012,A,0,4725
1013,A,0,5715
1014,B,0,6955
1015,A,0,3783
1016,A,0,3804
1017,B,0,6392
1018,B,0,0
1019,B,0,4148
1020,B,0,958
1021,A,0,999
1022,B,0,9570
1023,B,0,879
1024,B,0,2602
1025,B,0,0
1026,B,0,2122
1027,A,0,1265
1028,A,0,1027
1029,B,0,1474
1030,B,0,1096
1031,B,0,2660
1032,B,0,1116
1033,B,0,1252
1034,B,0,1072
1035,A,0,5024
1036,A,0,2204
1037,A,0,2637
1038,B,0,5585
1039,B,0,2074
1040,B,0,1650
1041,B,0,844
1042,B,0,0
1043,A,0,5352
1044,A,0,2888
1045,A,0,2760
1046,B,0,0
1047,A,0,0
1048,B,0,2682
1049,B,0,2954
1050,B,0,2298
1051,A,0,0
1052,A,0,2402
1053,A,0,2650
1054,B,0,4140
1055,B,0,824
1056,A,0,1184
1057,B,0,842
1058,B,0,1528
1059,A,0,4792
1060,A,0,0
1061,A,0,1048
1062,B,0,865
1063,A,0,5912
1064,A,0,5208
1065,B,0,5090
1066,A,0,1570
1067,A,0,1174
1068,A,0,5448
1069,A,0,0
1070,B,0,6202
1071,B,0,1270
1072,B,0,2066
1073,B,0,2884
1074,A,0,1252
1075,B,0,0
1076,A,0,2160
1077,B,0,3291
1078,A,0,0
1079,A,0,0
1080,B,0,1220
1081,A,0,1265
1082,B,0,2912
1083,B,0,1158
1084,B,0,1932
1085,B,0,1530
1086,A,0,2118
1087,B,0,2442
1088,A,0,1527
1089,B,0,3900
1090,A,0,8617
1091,B,0,2991
1092,B,0,1057
1093,A,0,2554
1094,B,0,0
1095,A,0,865
1096,A,0,0
1097,A,0,0
1098,B,0,5315
1099,B,0,0
1100,A,0,0
1101,B,0,0
1102,A,0,0
1103,B,0,2948
1104,A,0,4452
1105,A,0,2826
1106,A,0,7425
1107,B,0,1282
1108,A,0,0
1109,B,0,0
1110,A,0,2166
1111,A,0,7765
1112,B,0,0
1113,A,0,1169
1114,A,0,3252
1115,B,0,1233
1116,B,0,0
1117,B,0,1521
1118,A,0,2712
1119,A,0,1174
1120,B,0,4398
1121,A,0,0
1122,B,0,1549
1123,A,0,4242
1124,B,0,0
1125,B,0,910
1126,A,0,3420
1127,B,0,3900
1128,A,0,906
1129,A,0,0
1130,B,0,4080
1131,A,0,0
1132,B,0,0
1133,B,0,2606
1134,A,0,2730
1135,A,0,1672
1136,A,0,3164
1137,B,0,1594
1138,B,0,4960
1139,A,0,0
1140,A,0,1420
1141,A,0,3789
1142,B,0,3987
1143,B,0,1636
1144,A,0,0
1145,B,0,0
1146,A,0,0
1147,B,0,2178
1148,A,0,0
1149,B,0,1278
1150,A,0,10750
1151,A,0,2284
1152,B,0,1570
1153,A,0,1326
1154,A,0,0
1155,A,0,1662
1156,B,0,0
1157,B,0,1318
1158,A,0,1494
1159,B,0,7056
1160,B,0,1347
1161,A,0,3591
1162,A,0,0
1163,A,0,989
1164,B,0,2478
1165,A,0,2786
1166,B,0,906
1167,B,0,6468
1168,A,0,0
1169,A,0,879
1170,B,0,1379
1171,B,0,6300
1172,B,0,0
1173,A,0,1122
1174,A,0,0
1175,A,0,3792
1176,A,0,0
1177,B,0,1896
1178,A,0,3034
1179,A,0,3600
1180,A,0,0
1181,B,0,0
1182,A,0,2646
1183,A,0,0
1184,B,0,4800
1185,A,0,1392
1186,A,0,9246
1187,B,0,4336
1188,B,0,2176
1189,A,0,1113
1190,B,0,0
1191,B,0,10592
1192,B,0,0
1193,B,0,0
1194,B,0,0
1195,A,0,4930
1196,A,0,1614
1197,B,0,855
1198,B,0,2598
1199,A,0,2324
1200,B,0,0
1201,B,0,1732
1202,B,0,2757
1203,A,0,1672
1204,A,0,2637
1205,A,0,1050
1206,B,0,1972
1207,B,0,1312
1208,A,0,7422
1209,A,0,1742
1210,B,0,5968
1211,A,0,2475
1212,A,0,1012
1213,B,0,3087
1214,A,0,3648
1215,A,0,0
1216,A,0,4914
1217,B,0,0
1218,A,0,2428
1219,A,0,3030
1220,A,0,3066
1221,B,0,1221
1222,A,0,0
1223,A,0,0
1224,B,0,1882
1225,B,0,0
1226,B,0,1282
1227,B,0,0
1228,A,0,3858
1229,B,0,3600
1230,A,0,1984
1231,B,0,9456
1232,A,0,0
1233,B,0,3048
1234,A,0,1107
1235,A,0,1527
1236,A,0,2877
1237,B,0,4053
1238,A,0,2766
1239,B,0,1387
1240,A,0,0
1241,B,0,1271
1242,A,0,3510
1243,B,0,3885
1244,A,0,0
1245,A,0,3639
1246,A,0,1192
1247,A,0,0
1248,B,0,928
1249,B,0,4011
1250,A,0,2817
1251,B,0,0
1252,A,0,863
1253,B,0,4936
1254,A,0,3660
1255,B,0,3074
1256,B,0,5152
1257,A,0,1035
1258,B,0,5185
1259,B,0,5764
1260,A,0,4434
1261,B,0,0
1262,A,0,2576
1263,B,0,4145
1264,B,0,11970
1265,B,0,0
1266,A,0,0
1267,A,0,9830
1268,A,0,1239
1269,B,0,5004
1270,B,0,2622
1271,B,0,2526
1272,A,0,2918
1273,B,0,1591
1274,A,0,2804
1275,A,0,1354
1276,B,0,1502
1277,B,0,2382
1278,A,0,1692
1279,B,0,0
1280,B,0,3084
1281,B,0,0
1282,B,0,0
1283,B,0,0
1284,A,0,0
1285,B,0,5972
1286,A,0,6092
1287,A,0,2158
1288,B,0,3960
1289,A,0,1141
1290,A,0,2817
1291,B,0,4524
1292,B,0,3693
1293,B,0,0
1294,A,0,1049
1295,A,0,6370
1296,A,0,3657
1297,B,0,1574
1298,A,0,0
1299,B,0,0
1300,B,0,3284
1301,A,0,3160
1302,A,0,3117
1303,A,0,0
1304,B,0,8589
1305,A,0,0
1306,B,0,0
1307,B,0,2514
1308,B,0,1514
1309,A,0,1882
1310,A,0,0
1311,B,0,0
1312,A,0,0
1313,B,0,9730
1314,B,0,1246
1315,A,0,7835
1316,B,0,0
1317,B,0,1676
1318,A,0,0
1319,A,0,3620
1320,A,0,1276
1321,B,0,1114
1322,B,0,1534
1323,A,0,6245
1324,A,0,6140
1325,A,0,4617
1326,B,0,0
1327,B,0,1363
1328,A,0,7170
1329,A,0,0
1330,A,0,1527
1331,B,0,852
1332,B,0,4626
1333,B,0,7380
1334,A,0,0
1335,B,0,2368
1336,B,0,0
1337,A,0,0
1338,A,0,3171
1339,A,0,2840
1340,B,0,7512
1341,B,0,3540
1342,A,0,3582
1343,A,0,3000
1344,A,0,3306
1345,B,0,1308
1346,B,0,3132
1347,B,0,5296
1348,B,0,6285
1349,A,0,6975
1350,B,0,0
1351,A,0,0
1352,A,0,1001
1353,B,0,1467
1354,B,0,1480
1355,B,0,2124
1356,B,0,1070
1357,B,0,4761
1358,A,0,0
1359,B,0,4404
1360,A,0,2398
1361,A,0,2198
1362,A,0,0
1363,B,0,1950
1364,A,0,5652
1365,A,0,0
1366,B,0,1383
1367,A,0,2482
1368,B,0,1162
1369,B,0,1860
1370,A,0,4176
1371,A,0,10776
1372,A,0,1159
1373,B,0,1220
1374,A,0,1552
1375,B,0,2920
1376,A,0,4536
1377,A,0,4885
1378,A,0,2406
1379,A,0,0
1380,A,0,3300
1381,B,0,0
1382,A,0,4536
1383,B,0,2696
1384,B,0,3170
1385,A,0,0
1386,B,0,4191
1387,B,0,1158
1388,A,0,4170
1389,A,0,0
1390,B,0,1240
1391,B,0,4196
1392,B,0,983
1393,A,0,2757
1394,B,0,1924
1395,B,0,2464
1396,A,0,2769
1397,A,0,1660
1398,B,0,3447
1399,B,0,7668
1400,B,0,10920
1401,A,0,1950
1402,A,0,2940
1403,A,0,2571
1404,B,0,1015
1405,A,0,6215
1406,A,0,1049
1407,B,0,3288
1408,B,0,1237
1409,A,0,7145
1410,A,0,0
1411,A,0,8704
1412,A,0,975
1413,A,0,0
1414,A,0,0
1415,A,0,937
1416,A,0,0
1417,B,0,0
1418,B,0,1582
1419,A,0,2390
1420,B,0,0
1421,B,0,2482
1422,B,0,3114
1423,A,0,806
1424,B,0,4398
1425,A,0,894
1426,A,0,2552
1427,A,0,4755
1428,B,0,0
1429,B,0,5156
1430,B,0,3492
1431,A,0,3696
1432,A,0,6520
1433,A,0,1455
1434,B,0,0
1435,A,0,941
1436,A,0,2712
1437,A,0,2698
1438,B,0,0
1439,B,0,3765
1440,B,0,976
1441,B,0,960
1442,A,0,3243
1443,A,0,4640
1444,A,0,2248
1445,B,0,4172
1446,A,0,3219
1447,B,0,1130
1448,B,0,1175
1449,B,0,0
1450,A,0,0
1451,A,0,0
1452,A,0,2426
1453,B,0,3621
1454,A,0,4295
1455,A,0,4602
1456,A,0,0
1457,B,0,3084
1458,B,0,4587
1459,A,0,3987
1460,B,0,3678
1461,B,0,1340
1462,A,0,1435
1463,B,0,808
1464,B,0,1393
1465,A,0,1148
1466,A,0,2646
1467,B,0,3154
1468,B,0,862
1469,A,0,930
1470,B,0,3369
1471,A,0,1411
1472,B,0,1870
1473,A,0,4002
1474,B,0,2502
1475,A,0,1768
1476,A,0,897
1477,B,0,9422
1478,A,0,1288
1479,A,0,832
1480,A,0,0
1481,A,0,0
1482,A,0,0
1483,B,0,0
1484,A,0,4100
1485,B,0,1802
1486,A,0,1176
1487,B,0,2904
1488,B,0,6951
1489,A,0,5820
1490,B,0,1517
1491,B,0,3669
1492,B,0,1318
1493,A,0,2792
1494,A,0,8448
1495,B,0,873
1496,A,0,1183
1497,A,0,0
1498,B,0,9360
1499,A,0,0
1500,B,0,0
1501,B,0,0
1502,B,0,2670
1503,B,0,1186
1504,B,0,0
1505,A,0,3309
1506,B,0,0
1507,B,0,0
1508,A,0,928
1509,B,0,1600
1510,A,0,4407
1511,A,0,0
1512,B,0,0
1513,B,0,0
1514,A,0,0
1515,B,0,2136
1516,A,0,4740
1517,A,0,1307
1518,A,0,0
1519,A,0,2608
1520,A,0,1562
1521,B,0,0
1522,A,0,5792
1523,B,0,2326
1524,A,0,3948
1525,B,0,1526
1526,B,0,0
1527,A,0,0
1528,A,0,2592
1529,A,0,3448
1530,A,0,2776
1531,A,0,3033
1532,B,0,3152
1533,B,0,5568
1534,A,0,3952
1535,B,0,840
1536,B,0,15356
1537,A,0,1058
1538,B,0,3920
1539,A,0,3600
1540,A,0,3032
1541,A,0,1239
1542,B,0,3082
1543,A,0,1140
1544,B,0,922
1545,B,0,4767
1546,B,0,1158
1547,A,0,1062
1548,A,0,3876
1549,B,0,2580
1550,B,0,0
1551,B,0,899
1552,A,0,7218
1553,A,0,3840
1554,B,0,1842
1555,A,0,0
1556,B,0,0
1557,A,0,1332
1558,B,0,971
1559,A,0,858
1560,B,0,2421
1561,B,0,5456
1562,A,0,2300
1563,B,0,0
1564,A,0,0
1565,B,0,0
1566,B,0,5855
1567,B,0,2580
1568,B,0,3525
1569,A,0,9709
1570,B,0,7365
1571,B,0,0
1572,B,0,0
1573,B,0,4761
1574,B,0,4329
1575,B,0,0
1576,A,0,3741
1577,A,0,1321
1578,B,0,5880
1579,A,0,4701
1580,A,0,992
1581,B,0,0
1582,A,0,0
1583,B,0,1395
1584,A,0,3056
1585,B,0,1427
1586,B,0,6132
1587,A,0,1555
1588,A,0,988
1589,A,0,0
1590,B,0,2952
1591,B,0,5185
1592,B,0,2402
1593,A,0,882
1594,B,0,0
1595,B,0,8868
1596,B,0,870
1597,B,0,862
1598,A,0,931
1599,A,0,1203
1600,B,0,2172
1601,B,0,0
1602,A,0,896
1603,A,0,0
1604,B,0,4548
1605,B,0,1290
1606,A,0,993
1607,B,0,5332
1608,B,0,1034
1609,B,0,0
1610,A,0,0
1611,A,0,1029
1612,A,0,2976
1613,B,0,3018
1614,A,0,7300
1615,A,0,1067
1616,A,0,1523
1617,A,0,2062
1618,B,0,4173
1619,B,0,0
1620,B,0,0
1621,A,0,2577
1622,B,0,1123
1623,A,0,1163
1624,A,0,0
1625,A,0,4143
1626,A,0,0
1627,B,0,6100
1628,A,0,1516
1629,A,0,1728
1630,B,0,2715
1631,A,0,11032
1632,A,0,0
1633,A,0,2034
1634,B,0,2102
1635,A,0,2108
1636,B,0,5614
1637,A,0,3438
1638,A,0,834
1639,A,0,922
1640,A,0,904
1641,A,0,4904
1642,B,0,4254
1643,A,0,0
1644,B,0,1360
1645,B,0,1100
1646,B,0,1557
1647,B,0,2904
1648,B,0,5256
1649,B,0,3474
1650,A,0,5530
1651,A,0,4218
1652,A,0,0
1653,A,0,0
1654,A,0,0
1655,B,0,0
1656,B,0,0
1657,B,0,0
1658,A,0,2658
1659,A,0,7130
1660,A,0,4644
1661,A,0,2974
1662,B,0,3078
1663,A,0,6240
1664,A,0,4656
1665,B,0,2586
1666,A,0,0
1667,A,0,0
1668,B,0,0
1669,A,0,2418
1670,A,0,0
1671,A,0,1279
1672,B,0,1736
1673,B,0,2808
1674,A,0,0
1675,A,0,0
1676,B,0,1958
1677,B,0,1213
1678,B,0,0
1679,A,0,0
1680,B,0,4416
1681,A,0,0
1682,A,0,2750
1683,A,0,4435
1684,A,0,5880
1685,A,0,1326
1686,A,0,1371
1687,A,0,3351
1688,A,0,895
1689,A,0,0
1690,B,0,8292
1691,A,0,0
1692,A,0,5485
1693,A,0,0
1694,A,0,0
1695,A,0,0
1696,A,0,816
1697,A,0,963
1698,A,0,973
1699,B,0,1668
1700,B,0,1219
1701,A,0,2716
1702,A,0,8934
1703,A,0,2426
1704,B,0,3117
1705,A,0,1167
1706,A,0,0
1707,A,0,7413
1708,B,0,0
1709,B,0,4227
1710,B,0,1215
1711,B,0,3092
1712,B,0,0
1713,A,0,6060
1714,B,0,0
1715,A,0,1568
1716,B,0,3532
1717,B,0,2230
1718,A,0,3046
1719,B,0,2026
1720,B,0,3390
1721,B,0,1854
1722,B,0,0
1723,B,0,1458
1724,B,0,3675
1725,A,0,1716
1726,B,0,2806
1727,B,0,0
1728,A,0,1117
1729,B,0,1358
1730,B,0,1398
1731,A,0,946
1732,B,0,1498
1733,A,0,0
1734,A,0,0
1735,A,0,0
1736,A,0,0
1737,B,0,0
1738,B,0,3172
1739,B,0,3004
1740,B,0,0
1741,B,0,2290
1742,B,0,0
1743,B,0,1650
1744,A,0,5856
1745,A,0,940
1746,B,0,5880
1747,B,0,1286
1748,A,0,908
1749,A,0,4119
1750,B,0,0
1751,A,0,0
1752,B,0,6336
1753,B,0,0
1754,A,0,3120
1755,B,0,2510
1756,B,0,3579
1757,A,0,0
1758,B,0,1299
1759,A,0,5084
1760,B,0,2122
1761,B,0,4300
1762,A,0,1341
1763,A,0,2634
1764,B,0,4232
1765,A,0,3345
1766,A,0,0
1767,A,0,3162
1768,A,0,6762
1769,B,0,1539
1770,A,0,1260
1771,B,0,1884
1772,B,0,1598
1773,A,0,7610
1774,A,0,2656
1775,B,0,1730
1776,B,0,4719
1777,A,0,1296
1778,A,0,1162
1779,A,0,9264
1780,A,0,0
1781,B,0,1437
1782,A,0,0
1783,A,0,5172
1784,A,0,8953
1785,B,0,0
1786,A,0,8351
1787,A,0,1409
1788,A,0,1458
1789,B,0,0
1790,B,0,945
1791,A,0,5894
1792,B,0,1880
1793,A,0,2518
1794,A,0,1017
1795,B,0,0
1796,A,0,2444
1797,A,0,3212
1798,B,0,822
1799,B,0,1171
1800,B,0,964
1801,A,0,3050
1802,B,0,0
1803,A,0,1583
1804,A,0,3536
1805,A,0,0
1806,A,0,8286
1807,B,0,3183
1808,A,0,1848
1809,B,0,911
1810,A,0,1081
1811,B,0,2010
1812,A,0,4239
1813,B,0,2865
1814,A,0,2924
1815,B,0,2582
1816,B,0,0
1817,A,0,4828
1818,A,0,1461
1819,B,0,0
1820,B,0,0
1821,B,0,3342
1822,B,0,5166
1823,B,0,4656
1824,A,0,1246
1825,B,0,3900
1826,A,0,0
1827,A,0,2320
1828,B,0,5090
1829,A,0,4872
1830,A,0,0
1831,A,0,2892
1832,A,0,1060
1833,B,0,0
1834,B,0,888
1835,A,0,2918
1836,B,0,1433
1837,B,0,3861
1838,A,0,2950
1839,A,0,3476
1840,B,0,1690
1841,A,0,0
1842,A,0,8808
1843,A,0,2660
1844,A,0,8680
1845,B,0,979
1846,B,0,2958
1847,B,0,3908
1848,B,0,0
1849,B,0,1232
1850,B,0,0
1851,A,0,1209
1852,A,0,9776
1853,A,0,1449
1854,A,0,1513
1855,A,0,1888
1856,B,0,812
1857,A,0,1439
1858,B,0,2406
1859,A,0,0
1860,A,0,2872
1861,A,0,1008
1862,B,0,0
1863,B,0,0
1864,B,0,1274
1865,A,0,2492
1866,B,0,1192
1867,B,0,1648
1868,B,0,0
1869,B,0,0
1870,B,0,7254
1871,B,0,4575
1872,B,0,0
1873,B,0,0
1874,B,0,0
1875,B,0,0
1876,B,0,2008
1877,A,0,1136
1878,A,0,0
1879,A,0,0
1880,B,0,0
1881,B,0,0
1882,B,0,0
1883,A,0,933
1884,A,0,1393
1885,A,0,1022
1886,A,0,2558
1887,A,0,849
1888,A,0,2990
1889,A,0,0
1890,B,0,5652
1891,A,0,4156
1892,A,0,6192
1893,B,0,964
1894,B,0,989
1895,A,0,874
1896,A,0,0
1897,A,0,3579
1898,B,0,1416
1899,A,0,2610
1900,A,0,0
1901,B,0,827
1902,A,0,5432
1903,A,0,0
1904,B,0,0
1905,A,0,4707
1906,A,0,4790
1907,B,0,4632
1908,A,0,0
1909,A,0,966
1910,A,0,1124
1911,A,0,0
1912,B,0,0
1913,A,0,4080
1914,A,0,0
1915,B,0,3912
1916,A,0,0
1917,A,0,2902
1918,A,0,1067
1919,B,0,0
1920,A,0,0
1921,B,0,0
1922,A,0,0
1923,B,0,3534
1924,A,0,0
1925,B,0,1192
1926,A,0,1952
1927,B,0,0
1928,A,0,3024
1929,A,0,3426
1930,A,0,2400
1931,A,0,1584
1932,A,0,2444
1933,B,0,0
1934,B,0,0
1935,A,0,1920
1936,B,0,1309
1937,A,0,2278
1938,B,0,1039
1939,B,0,1067
1940,B,0,1344
1941,A,0,2606
1942,A,0,8016
1943,B,0,3717
1944,B,0,1794
1945,B,0,7275
1946,A,0,822
1947,B,0,2040
1948,B,0,3132
1949,A,0,0
1950,B,0,1262
1951,A,0,1162
1952,A,0,1173
1953,B,0,1378
1954,A,0,10408
1955,B,0,804
1956,A,0,3435
1957,A,0,1666
1958,B,0,0
1959,A,0,5960
1960,B,0,1241
1961,A,0,3288
1962,A,0,5220
1963,B,0,3142
1964,B,0,961
1965,B,0,5555
1966,B,0,2072
1967,A,0,3000
1968,A,0,0
1969,A,0,0
1970,A,0,1524
1971,A,0,1067
1972,A,0,2550
1973,A,0,7690
1974,A,0,0
1975,A,0,0
1976,B,0,0
1977,B,0,0
1978,A,0,0
1979,A,0,1322
1980,B,0,0
1981,B,0,4560
1982,B,0,4568
1983,B,0,0
1984,A,0,3652
1985,B,0,5394
1986,B,0,0
1987,A,0,0
1988,B,0,4270
1989,A,0,1413
1990,A,0,2642
1991,B,0,0
1992,A,0,1976
1993,A,0,9792
1994,B,0,2856
1995,B,0,808
1996,B,0,1219
1997,B,0,944
1998,A,0,4504
1999,B,0,4556
2000,A,0,0
2001,B,0,1083
2002,B,0,1328
2003,B,0,0
2004,A,0,1072
2005,B,0,0
2006,A,0,0
2007,A,0,3843
2008,A,0,3783
2009,B,0,1564
2010,B,0,3426
2011,A,0,1245
2012,A,0,0
2013,A,0,1471
2014,B,0,1374
2015,A,0,0
2016,B,0,1523
2017,B,0,8384
2018,A,0,5712
2019,B,0,1539
2020,B,0,0
2021,A,0,0
2022,A,0,2724
2023,A,0,1597
2024,B,0,4146
2025,A,0,0
2026,A,0,0
2027,B,0,1596
2028,A,0,0
2029,B,0,852
2030,B,0,1115
2031,A,0,0
2032,B,0,1425
2033,A,0,0
2034,A,0,1101
2035,A,0,8078
2036,B,0,7572
2037,B,0,1429
2038,B,0,1573
2039,A,0,0
2040,A,0,3138
2041,B,0,1275
2042,A,0,2954
2043,A,0,2739
2044,B,0,0
2045,A,0,0
2046,B,0,6380
2047,A,0,0
2048,B,0,1182
2049,B,0,6144
2050,A,0,0
2051,B,0,1836
2052,A,0,1242
2053,A,0,1391
2054,A,0,1632
2055,A,0,1010
2056,B,0,0
2057,B,0,0
2058,B,0,2246
2059,B,0,5900
2060,A,0,4115
2061,A,0,1015
2062,A,0,1021
2063,B,0,9823
2064,A,0,0
2065,A,0,1599
2066,A,0,0
2067,A,0,4611
2068,A,0,0
2069,A,0,0
2070,A,0,2404
2071,B,0,918
2072,B,0,7200
2073,A,0,4032
2074,B,0,1294
2075,A,0,5856
2076,A,0,6296
2077,B,0,2618
2078,A,0,7464
2079,B,0,0
2080,B,0,0
2081,A,0,0
2082,A,0,0
2083,A,0,0
2084,B,0,1966
2085,A,0,5360
2086,A,0,1486
2087,B,0,0
2088,B,0,2920
2089,B,0,3198
2090,B,0,4083
2091,B,0,2646
2092,B,0,1398
2093,B,0,1486
2094,A,0,0
2095,A,0,1024
2096,B,0,1004
2097,A,0,0
2098,A,0,3150
2099,B,0,0
2100,B,0,1624
2101,B,0,2638
2102,B,0,1323
2103,A,0,5855
2104,A,0,8706
2105,B,0,6252
2106,A,0,0
2107,B,0,1517
2108,A,0,1169
2109,A,0,4443
2110,B,0,9486
2111,A,0,0
2112,A,0,2808
2113,A,0,3046
2114,A,0,1802
2115,B,0,4197
2116,A,0,2925
2117,B,0,3534
2118,A,0,1940
2119,A,0,6985
2120,A,0,993
2121,B,0,822
2122,A,0,2314
2123,B,0,0
2124,B,0,10752
2125,B,0,4384
2126,A,0,0
2127,A,0,4026
2128,B,0,1055
2129,B,0,5210
2130,A,0,3096
2131,B,0,0
2132,B,0,0
2133,A,0,3216
2134,A,0,3504
2135,B,0,0
2136,B,0,4900
2137,A,0,1408
2138,B,0,11544
2139,A,0,8310
2140,A,0,1045
2141,B,0,5336
2142,A,0,2838
2143,A,0,0
2144,A,0,1333
2145,A,0,4500
2146,B,0,2124
2147,B,0,7335
2148,B,0,2000
2149,B,0,3174
2150,A,0,4860
2151,A,0,1670
2152,A,0,5720
2153,A,0,0
2154,B,0,981
2155,A,0,0
2156,A,0,5288
2157,B,0,2056
2158,A,0,0
2159,B,0,964
2160,B,0,5816
2161,B,0,0
2162,A,0,0
2163,A,0,3327
2164,B,0,4755
2165,A,0,3237
2166,A,0,5540
2167,A,0,0
2168,B,0,1338
2169,B,0,6340
2170,B,0,0
2171,B,0,842
2172,B,0,2280
2173,A,0,1483
2174,A,0,4902
2175,B,0,2996
2176,A,0,2020
2177,A,0,0
2178,A,0,944
2179,B,0,0
2180,B,0,5308
2181,B,0,0
2182,A,0,7554
2183,A,0,3645
2184,B,0,1509
2185,B,0,4764
2186,B,0,0
2187,B,0,4240
2188,B,0,12264
2189,A,0,1101
2190,B,0,6388
2191,A,0,880
2192,A,0,1343
2193,A,0,0
2194,A,0,2805
2195,A,0,2698
2196,B,0,1896
2197,A,0,5275
2198,B,0,0
2199,A,0,0
2200,B,0,0
2201,A,0,5610
2202,B,0,926
2203,B,0,0
2204,A,0,2994
2205,B,0,814
2206,B,0,1270
2207,B,0,2364
2208,B,0,1000
2209,B,0,4113
2210,A,0,0
2211,B,0,7045
2212,B,0,0
2213,B,0,2928
2214,A,0,2588
2215,A,0,999
2216,B,0,1375
2217,A,0,2840
2218,B,0,0
2219,B,0,1594
2220,B,0,1922
2221,B,0,0
2222,A,0,2643
2223,A,0,1301
2224,A,0,10629
2225,A,0,3561
2226,B,0,7910
2227,B,0,0
2228,A,0,0
2229,A,0,0
2230,B,0,0
2231,B,0,1758
2232,B,0,1070
2233,B,0,4311
2234,B,0,8676
2235,B,0,5244
2236,A,0,1780
2237,A,0,1194
2238,A,0,1406
2239,A,0,2624
2240,B,0,0
2241,A,0,1591
2242,B,0,1934
2243,A,0,2640
2244,A,0,5225
2245,A,0,0
2246,B,0,1393
2247,B,0,0
2248,B,0,2556
2249,A,0,0
2250,A,0,3474
2251,A,0,0
2252,A,0,0
2253,A,0,2736
2254,B,0,1274
2255,B,0,2152
2256,B,0,3324
2257,A,0,7675
2258,A,0,1296
2259,B,0,800
2260,A,0,1502
2261,A,0,7376
2262,A,0,3496
2263,A,0,0
2264,B,0,0
2265,B,0,0
2266,A,0,4356
2267,B,0,4128
2268,B,0,4089
2269,A,0,2328
2270,A,0,1380
2271,A,0,4167
2272,B,0,2740
2273,B,0,2880
2274,A,0,0
2275,A,0,3309
2276,A,0,1628
2277,A,0,4395
2278,A,0,4425
2279,A,0,0
2280,B,0,2502
2281,B,0,3465
2282,B,0,1420
2283,A,0,5040
2284,B,0,1286
2285,A,0,8580
2286,A,0,2798
2287,B,0,3528
2288,A,0,2394
2289,A,0,5196
2290,A,0,3678
2291,B,0,0
2292,B,0,0
2293,A,0,0
2294,B,0,3630
2295,A,0,6288
2296,B,0,2646
2297,A,0,2787
2298,A,0,2718
2299,A,0,1162
2300,B,0,13610
2301,B,0,7422
2302,A,0,1296
2303,B,0,1099
2304,B,0,3018
2305,A,0,7350
2306,A,0,2992
2307,A,0,3432
2308,A,0,2174
2309,A,0,1005
2310,A,0,7824
2311,B,0,4755
2312,A,0,1918
2313,A,0,0
2314,B,0,7000
2315,A,0,4134
2316,A,0,4992
2317,A,0,1482
2318,B,0,1110
2319,B,0,0
2320,A,0,0
2321,B,0,7000
2322,B,0,8344
2323,B,0,0
2324,A,0,1433
2325,A,0,0
2326,B,0,4468
2327,A,0,926
2328,A,0,0
2329,B,0,11172
2330,B,0,7854
2331,B,0,0
2332,B,0,1463
2333,B,0,2096
2334,A,0,1185
2335,B,0,0
2336,B,0,2644
2337,A,0,2116
2338,B,0,5170
2339,A,0,0
2340,B,0,1325
2341,B,0,4600
2342,B,0,2796
2343,A,0,5616
2344,A,0,6268
2345,A,0,0
2346,A,0,1168
2347,B,0,1384
2348,A,0,6168
2349,A,0,2886
2350,A,0,2973
2351,B,0,1099
2352,A,0,0
2353,B,0,5046
2354,B,0,948
2355,A,0,1313
2356,A,0,9457
2357,B,0,6340
2358,A,0,6148
2359,A,0,3208
2360,B,0,8940
2361,A,0,927
2362,B,0,1499
2363,B,0,0
2364,A,0,7602
2365,A,0,3063
2366,A,0,3081
2367,B,0,1421
2368,B,0,0
2369,B,0,1061
2370,A,0,0
2371,B,0,6792
2372,A,0,1070
2373,A,0,0
2374,B,0,0
2375,A,0,0
2376,A,0,4647
2377,B,0,2428
2378,A,0,4251
2379,B,0,2846
2380,A,0,4096
2381,A,0,0
2382,B,0,2492
2383,B,0,0
2384,A,0,1026
2385,A,0,2660
2386,B,0,3066
2387,A,0,876
2388,A,0,3840
2389,A,0,0
2390,A,0,9653
2391,B,0,0
2392,A,0,1073
2393,B,0,0
2394,B,0,3663
2395,A,0,826
2396,B,0,0
2397,B,0,6860
2398,A,0,0
2399,B,0,9342
2400,B,0,2848
2401,B,0,1362
2402,A,0,0
2403,A,0,1510
2404,B,0,2276
2405,A,0,3585
2406,B,0,13992
2407,B,0,0
2408,B,0,9504
2409,B,0,2620
2410,A,0,3046
2411,B,0,929
2412,B,0,0
2413,B,0,0
2414,B,0,0
2415,B,0,0
2416,B,0,847
2417,A,0,0
2418,A,0,7350
2419,A,0,1451
2420,B,0,1980
2421,B,0,1304
2422,B,0,0
2423,B,0,2954
2424,B,0,6140
2425,B,0,998
2426,B,0,2272
2427,A,0,1559
2428,B,0,1417
2429,A,0,1149
2430,B,0,0
2431,A,0,0
2432,B,0,0
2433,A,0,5178
2434,A,0,1876
2435,B,0,6244
2436,A,0,0
2437,A,0,0
2438,A,0,4496
2439,A,0,2274
2440,B,0,1386
2441,A,0,5030
2442,A,0,1056
2443,B,0,2760
2444,A,0,8034
2445,A,0,5568
2446,B,0,1318
2447,A,0,3600
2448,B,0,7878
2449,A,0,0
2450,A,0,1271
2451,B,0,0
2452,A,0,1952
2453,A,0,2540
2454,A,0,1306
2455,A,0,0
2456,B,0,0
2457,A,0,1198
2458,A,0,6695
2459,A,0,0
2460,A,0,0
2461,A,0,1536
2462,A,0,1243
2463,A,0,814
2464,B,0,0
2465,A,0,0
2466,A,0,3232
2467,A,0,0
2468,A,0,2478
2469,A,0,1678
2470,B,0,0
2471,A,0,903
2472,A,0,2493
2473,B,0,1369
2474,B,0,0
2475,B,0,7374
2476,A,0,2078
2477,A,0,1023
2478,A,0,0
2479,A,0,2868
2480,B,0,6048
2481,B,0,1489
2482,A,0,1261
2483,A,0,0
2484,A,0,0
2485,B,0,3652
2486,B,0,1087
2487,B,0,0
2488,A,0,4395
2489,A,0,1186
2490,B,0,1437
2491,A,0,0
2492,B,0,6985
2493,A,0,0
2494,B,0,9730
2495,A,0,1094
2496,B,0,1271
2497,B,0,1347
2498,B,0,1292
2499,B,0,1053
2500,B,0,1626
2501,B,0,4756
2502,B,0,1209
2503,B,0,2664
2504,B,0,2686
2505,A,0,1235
2506,A,0,1188
2507,B,0,4532
2508,A,0,1173
2509,A,0,2382
2510,A,0,3420
2511,B,0,2460
2512,B,0,0
2513,A,0,1830
2514,B,0,3772
2515,A,0,0
2516,B,0,988
2517,A,0,914
2518,B,0,2492
2519,A,0,0
2520,A,0,1521
2521,B,0,3009
2522,A,0,10661
2523,B,0,2324
2524,A,0,2950
2525,A,0,3696
2526,A,0,1198
2527,B,0,818
2528,B,0,5740
2529,B,0,3120
2530,B,0,6536
2531,A,0,2120
2532,A,0,3112
2533,A,0,3164
2534,B,0,1586
2535,B,0,0
2536,B,0,0
2537,B,0,873
2538,B,0,6307
2539,B,0,1577
2540,A,0,0
2541,A,0,862
2542,B,0,2156
2543,B,0,0
2544,A,0,1063
2545,A,0,3531
2546,B,0,0
2547,A,0,1762
2548,B,0,1128
2549,B,0,0
2550,A,0,1161
2551,B,0,2634
2552,A,0,0
2553,A,0,3855
2554,A,0,1240
2555,A,0,4885
2556,A,0,0
2557,A,0,0
2558,A,0,3412
2559,A,0,1334
2560,B,0,923
2561,A,0,4100
2562,A,0,2991
2563,A,0,3090
2564,B,0,7040
2565,B,0,1326
2566,B,0,1571
2567,B,0,21658
2568,B,0,0
2569,B,0,3256
2570,A,0,1333
2571,A,0,1485
2572,B,0,1007
2573,B,0,0
2574,B,0,3744
2575,A,0,0
2576,A,0,6430
2577,A,0,3249
2578,B,0,1842
2579,A,0,2667
2580,A,0,0
2581,B,0,3060
2582,B,0,0
2583,A,0,3128
2584,B,0,1010
2585,B,0,1372
2586,A,0,0
2587,B,0,1070
2588,B,0,3166
2589,B,0,1346
2590,A,0,3154
2591,A,0,4692
2592,B,0,6414
2593,B,0,1227
2594,B,0,3082
2595,A,0,1176
2596,A,0,1362
2597,A,0,1533
2598,A,0,2796
2599,A,0,1477
2600,B,0,3058
2601,A,0,0
2602,B,0,7775
2603,A,0,4125
2604,A,0,0
2605,B,0,1023
2606,A,0,2228
2607,A,0,0
2608,B,0,0
2609,B,0,6115
2610,B,0,2754
2611,B,0,0
2612,A,0,0
2613,A,0,0
2614,A,0,10087
2615,A,0,7866
2616,A,0,0
2617,B,0,2992
2618,A,0,1678
2619,B,0,2890
2620,A,0,1130
2621,B,0,0
2622,B,0,2916
2623,B,0,6585
2624,B,0,5204
2625,B,0,3123
2626,A,0,802
2627,A,0,10822
2628,A,0,0
2629,A,0,0
2630,A,0,0
2631,B,0,2104
2632,A,0,3852
2633,A,0,0
2634,A,0,2589
2635,A,0,2810
2636,B,0,5760
2637,B,0,0
2638,B,0,5736
2639,B,0,2948
2640,A,0,1487
2641,B,0,0
2642,B,0,7475
2643,B,0,1600
2644,B,0,1098
2645,A,0,5880
2646,A,0,1173
2647,A,0,6036
2648,A,0,4755
2649,A,0,2696
2650,B,0,1211
2651,A,0,1476
2652,A,0,2014
2653,B,0,0
2654,A,0,5245
2655,B,0,4161
2656,A,0,2698
2657,A,0,2656
2658,B,0,2184
2659,B,0,2652
2660,A,0,0
2661,A,0,3240
2662,B,0,1092
2663,A,0,1234
2664,B,0,0
2665,B,0,0
2666,A,0,0
2667,A,0,1798
2668,A,0,4476
2669,A,0,3822
2670,A,0,1301
2671,A,0,2540
2672,A,0,2202
2673,A,0,0
2674,A,0,6670
2675,B,0,0
2676,B,0,6860
2677,A,0,1555
2678,B,0,0
2679,B,0,2482
2680,A,0,1560
2681,A,0,3166
2682,A,0,0
2683,B,0,3639
2684,B,0,2528
2685,B,0,1117
2686,A,0,4179
2687,A,0,3812
2688,B,0,1572
2689,B,0,2448
2690,B,0,804
2691,A,0,1157
2692,A,0,6056
2693,B,0,3126
2694,A,0,4340
2695,A,0,5916
2696,A,0,4935
2697,A,0,4665
2698,B,0,2078
2699,B,0,0
2700,B,0,1211
2701,A,0,0
2702,B,0,2666
2703,B,0,0
2704,A,0,2380
2705,A,0,0
2706,B,0,0
2707,A,0,954
2708,A,0,0
2709,B,0,1329
2710,A,0,4269
2711,A,0,5710
2712,A,0,0
2713,A,0,4540
2714,B,0,2898
2715,A,0,896
2716,A,0,4539
2717,B,0,2958
2718,A,0,898
2719,B,0,1109
2720,B,0,1303
2721,B,0,0
2722,A,0,13070
2723,A,0,7315
2724,A,0,0
2725,A,0,4536
2726,B,0,0
2727,A,0,1046
2728,A,0,2926
2729,B,0,3868
2730,A,0,0
2731,A,0,1541
2732,A,0,0
2733,A,0,3684
2734,B,0,0
2735,B,0,973
2736,A,0,0
2737,A,0,0
2738,A,0,3118
2739,A,0,9318
2740,A,0,6896
2741,A,0,2182
2742,A,0,7440
2743,A,0,4944
2744,B,0,1376
2745,B,0,8538
2746,A,0,7050
2747,B,0,0
2748,B,0,5400
2749,A,0,2834
2750,B,0,978
2751,B,0,0
2752,B,0,1369
2753,B,0,2942
2754,B,0,1347
2755,A,0,8953
2756,B,0,1307
2757,B,0,2946
2758,A,0,3735
2759,B,0,2068
2760,A,0,0
2761,A,0,856
2762,B,0,4218
2763,B,0,0
2764,A,0,3117
2765,B,0,1214
2766,B,0,2650
2767,A,0,2318
2768,A,0,1499
2769,A,0,0
2770,A,0,0
2771,A,0,6132
2772,A,0,0
2773,B,0,1457
2774,A,0,3591
2775,B,0,0
2776,A,0,896
2777,A,0,0
2778,B,0,5905
2779,B,0,0
2780,A,0,0
2781,B,0,0
2782,B,0,4149
2783,B,0,0
2784,B,0,901
2785,A,0,1758
2786,B,0,1614
2787,A,0,1196
2788,B,0,0
2789,B,0,1360
2790,B,0,0
2791,B,0,3046
2792,B,0,2054
2793,B,0,2366
2794,A,0,0
2795,A,0,0
2796,A,0,2469
2797,B,0,6176
2798,A,0,5912
2799,A,0,0
2800,B,0,3729
2801,A,0,2616
2802,B,0,3849
2803,B,0,0
2804,A,0,2044
2805,A,0,3524
2806,A,0,5820
2807,A,0,0
2808,A,0,1217
2809,A,0,2872
2810,A,0,0
2811,A,0,0
2812,A,0,5645
2813,B,0,4572
2814,B,0,0
2815,B,0,1676
2816,A,0,1932
2817,B,0,0
2818,A,0,8288
2819,B,0,0
2820,B,0,0
2821,B,0,3612
2822,B,0,1521
2823,B,0,6546
2824,B,0,1211
2825,B,0,2360
2826,B,0,990
2827,A,0,0
2828,B,0,0
2829,A,0,1583
2830,A,0,1008
2831,A,0,1531
2832,A,0,1984
2833,A,0,3606
2834,A,0,858
2835,B,0,821
2836,B,0,0
2837,B,0,7020
2838,A,0,4503
2839,A,0,1400
2840,A,0,6461
2841,B,0,1652
2842,B,0,7782
2843,B,0,0
2844,B,0,2538
2845,B,0,4872
2846,A,0,4865
2847,B,0,3327
2848,A,0,4040
2849,B,0,3681
2850,B,0,8862
2851,A,0,4156
2852,A,0,1359
2853,A,0,0
2854,B,0,0
2855,B,0,2460
2856,A,0,5952
2857,A,0,1756
2858,B,0,894
2859,B,0,0
2860,B,0,2904
2861,B,0,3536
2862,B,0,0
2863,A,0,979
2864,B,0,1806
2865,B,0,13959
2866,B,0,1079
2867,A,0,2496
2868,A,0,1218
2869,A,0,0
2870,A,0,0
2871,A,0,0
2872,A,0,3402
2873,B,0,4584
2874,A,0,0
2875,B,0,885
2876,B,0,1376
2877,B,0,11025
2878,B,0,1157
2879,A,0,835
2880,B,0,0
2881,A,0,2672
2882,B,0,2346
2883,B,0,0
2884,B,0,2790
2885,A,0,4329
2886,B,0,1423
2887,B,0,2836
2888,A,0,2690
2889,B,0,6580
2890,B,0,0
2891,B,0,0
2892,A,0,0
2893,B,0,3552
2894,A,0,0
2895,B,0,1107
2896,B,0,0
2897,B,0,2532
2898,A,0,2616
2899,A,0,4090
2900,B,0,0
2901,A,0,4220
2902,B,0,0
2903,B,0,7120
2904,A,0,5488
2905,B,0,2054
2906,B,0,2475
2907,B,0,0
2908,B,0,9792
2909,B,0,4808
2910,A,0,822
2911,B,0,1341
2912,B,0,3980
2913,B,0,2376
2914,A,0,4515
2915,B,0,1778
2916,A,0,0
2917,B,0,1204
2918,A,0,2406
2919,B,0,3483
2920,B,0,5718
2921,A,0,7936
2922,B,0,1095
2923,A,0,0
2924,A,0,3987
2925,B,0,4780
2926,A,0,1442
2927,A,0,0
2928,B,0,2616
2929,B,0,1530
2930,A,0,2712
2931,B,0,0
2932,A,0,6925
2933,A,0,0
2934,B,0,0
2935,B,0,4368
2936,B,0,1594
2937,B,0,1463
2938,A,0,0
2939,A,0,1554
2940,B,0,0
2941,B,0,4194
2942,A,0,5584
2943,A,0,0
2944,B,0,0
2945,B,0,0
2946,B,0,1429
2947,A,0,1223
2948,A,0,3094
2949,A,0,9351
2950,B,0,1286
2951,B,0,4536
2952,A,0,2162
2953,B,0,3588
2954,A,0,0
2955,A,0,9296
2956,A,0,3858
2957,B,0,6972
2958,A,0,3708
2959,A,0,0
2960,B,0,5095
2961,A,0,1526
2962,A,0,3096
2963,A,0,1326
2964,B,0,1154
2965,A,0,0
2966,B,0,4780
2967,B,0,3303
2968,B,0,4962
2969,A,0,2020
2970,B,0,1089
2971,B,0,6440
2972,B,0,1892
2973,A,0,7908
2974,A,0,0
2975,B,0,4285
2976,B,0,0
2977,A,0,7630
2978,A,0,2168
2979,A,0,1511
2980,A,0,9180
2981,B,0,3732
2982,B,0,1932
2983,B,0,0
2984,A,0,0
2985,B,0,0
2986,B,0,0
2987,A,0,1032
2988,B,0,2868
2989,A,0,1358
2990,B,0,0
2991,A,0,2955
2992,A,0,3408
2993,A,0,4004
2994,B,0,2284
2995,B,0,3549
2996,A,0,2998
2997,B,0,0
2998,A,0,6356
2999,B,0,3152
3000,A,0,827
3001,A,0,5136
3002,B,0,3276
3003,B,0,6300
3004,B,0,1198
3005,B,0,2140
3006,A,0,6202
3007,B,0,3416
3008,A,0,3102
3009,B,0,0
3010,B,0,2706
3011,B,0,2318
3012,B,0,1403
3013,B,0,2484
3014,B,0,4464
3015,A,0,2826
3016,B,0,0
3017,B,0,2400
3018,A,0,0
3019,B,0,2540
3020,B,0,1532
3021,B,0,1498
3022,B,0,1287
3023,A,0,2294
3024,A,0,2256
3025,A,0,0
3026,B,0,0
3027,B,0,1632
3028,B,0,5212
3029,B,0,1339
3030,A,0,0
3031,A,0,5600
3032,A,0,2650
3033,A,0,0
3034,B,0,4085
3035,A,0,4068
3036,B,0,0
3037,B,0,1577
3038,B,0,5048
3039,B,0,5840
3040,B,0,1357
3041,A,0,1079
3042,A,0,4641
3043,B,0,0
3044,A,0,3024
3045,B,0,879
3046,A,0,3831
3047,B,0,5484
3048,A,0,0
3049,A,0,1212
3050,B,0,948
3051,B,0,0
3052,A,0,0
3053,B,0,1443
3054,A,0,7446
3055,B,0,0
3056,B,0,3765
3057,B,0,1266
3058,B,0,7625
3059,B,0,1010
3060,B,0,5845
3061,B,0,0
3062,A,0,2858
3063,A,0,1994
3064,A,0,964
3065,A,0,10272
3066,A,0,1489
3067,B,0,0
3068,B,0,1406
3069,A,0,998
3070,A,0,4825
3071,B,0,3006
3072,B,0,4203
3073,B,0,0
3074,A,0,2778
3075,A,0,5832
3076,A,0,827
3077,A,0,5736
3078,B,0,0
3079,A,0,1904
3080,A,0,0
3081,B,0,4620
3082,B,0,0
3083,B,0,4820
3084,B,0,0
3085,B,0,7356
3086,A,0,1534
3087,B,0,6865
3088,B,0,0
3089,A,0,0
3090,B,0,1828
3091,A,0,0
3092,A,0,4272
3093,A,0,6384
3094,B,0,5616
3095,B,0,1222
3096,A,0,3552
3097,A,0,0
3098,A,0,0
3099,A,0,4152
3100,A,0,3369
3101,A,0,0
3102,B,0,4092
3103,B,0,0
3104,B,0,1204
3105,B,0,4670
3106,B,0,0
3107,A,0,993
3108,B,0,1535
3109,A,0,878
3110,B,0,2438
3111,B,0,1508
3112,B,0,1878
3113,B,0,1174
3114,A,0,1300
3115,A,0,2400
3116,A,0,0
3117,B,0,1324
3118,A,0,1337
3119,A,0,3992
3120,A,0,2354
3121,B,0,1178
3122,B,0,2619
3123,B,0,5564
3124,B,0,0
3125,A,0,1465
3126,A,0,2988
3127,B,0,2828
3128,B,0,1203
3129,A,0,0
3130,A,0,1570
3131,B,0,1152
3132,B,0,10917
3133,A,0,0
3134,A,0,8784
3135,B,0,2511
3136,A,0,3894
3137,B,0,0
3138,A,0,0
3139,B,0,0
3140,B,0,6336
3141,A,0,3105
3142,B,0,10689
3143,A,0,3210
3144,A,0,5144
3145,A,0,10280
3146,A,0,1724
3147,B,0,0
3148,B,0,0
3149,B,0,0
3150,A,0,2928
3151,A,0,0
3152,B,0,0
3153,A,0,2427
3154,B,0,5996
3155,A,0,0
3156,B,0,1094
3157,A,0,1476
3158,B,0,1105
3159,A,0,836
3160,B,0,3327
3161,B,0,6324
3162,A,0,0
3163,A,0,4749
3164,B,0,0
3165,A,0,2530
3166,A,0,0
3167,A,0,5796
3168,B,0,0
3169,A,0,1001
3170,A,0,2784
3171,B,0,1160
3172,A,0,0
3173,A,0,6559
3174,B,0,3018
3175,B,0,1002
3176,A,0,967
3177,A,0,2392
3178,A,0,0
3179,A,0,1238
3180,A,0,0
3181,B,0,1255
3182,B,0,1092
3183,A,0,0
3184,B,0,0
3185,A,0,2966
3186,A,0,1484
3187,A,0,5070
3188,A,0,860
3189,B,0,1912
3190,A,0,3573
3191,B,0,862
3192,A,0,1237
3193,A,0,0
3194,A,0,956
3195,A,0,0
3196,B,0,3108
3197,A,0,2970
3198,B,0,0
3199,A,0,5950
3200,B,0,1432
3201,B,0,0
3202,B,0,0
3203,B,0,2410
3204,B,0,2871
3205,A,0,0
3206,A,0,0
3207,A,0,13068
3208,B,0,0
3209,A,0,941
3210,B,0,0
3211,B,0,6180
3212,A,0,2058
3213,A,0,3759
3214,B,0,0
3215,A,0,1978
3216,B,0,6900
3217,A,0,1700
3218,A,0,3882
3219,B,0,1600
3220,A,0,0
3221,A,0,1044
3222,A,0,1383
3223,B,0,1832
3224,B,0,1668
3225,A,0,0
3226,A,0,4344
3227,B,0,827
3228,A,0,5128
3229,A,0,0
3230,B,0,8952
3231,B,0,13446
3232,A,0,0
3233,B,0,0
3234,B,0,5788
3235,A,0,7935
3236,A,0,1300
3237,A,0,4852
3238,B,0,0
3239,A,0,4424
3240,A,0,3144
3241,B,0,0
3242,B,0,1358
3243,A,0,3033
3244,B,0,3879
3245,B,0,1016
3246,B,0,5276
3247,A,0,5156
3248,B,0,941
3249,B,0,1824
3250,B,0,0
3251,A,0,6040
3252,B,0,0
3253,A,0,1102
3254,B,0,3182
3255,B,0,1040
3256,B,0,2468
3257,B,0,4572
3258,A,0,2098
3259,A,0,0
3260,B,0,0
3261,B,0,0
3262,B,0,3831
3263,B,0,0
3264,A,0,2598
3265,B,0,0
3266,B,0,0
3267,A,0,1203
3268,B,0,8220
3269,A,0,0
3270,A,0,1599
3271,A,0,0
3272,B,0,2066
3273,B,0,6675
3274,A,0,6744
3275,B,0,2724
3276,B,0,1549
3277,B,0,1487
3278,B,0,10500
3279,B,0,0
3280,A,0,1405
3281,A,0,1505
3282,A,0,0
3283,B,0,2814
3284,B,0,6760
3285,A,0,0
3286,A,0,1190
3287,B,0,3297
3288,A,0,1293
3289,A,0,0
3290,B,0,0
3291,B,0,2272
3292,A,0,949
3293,B,0,1245
3294,B,0,0
3295,B,0,3729
3296,A,0,5920
3297,B,0,12051
3298,B,0,3748
3299,A,0,0
3300,B,0,0
3301,A,0,1455
3302,B,0,0
3303,A,0,0
3304,B,0,2636
3305,A,0,0
3306,A,0,2968
3307,B,0,6340
3308,A,0,3480
3309,B,0,0
3310,B,0,0
3311,B,0,2234
3312,A,0,1956
3313,A,0,828
3314,B,0,4155
3315,A,0,7266
3316,B,0,2976
3317,A,0,0
3318,B,0,0
3319,B,0,2030
3320,A,0,3474
3321,B,0,953
3322,B,0,2324
3323,A,0,3038
3324,B,0,16211
3325,A,0,4164
3326,A,0,2262
3327,B,0,1035
3328,A,0,3046
3329,A,0,1468
3330,B,0,2442
3331,B,0,1153
3332,A,0,0
3333,A,0,6330
3334,A,0,1804
3335,A,0,5875
3336,A,0,1421
3337,A,0,3132
3338,A,0,0
3339,A,0,3507
3340,A,0,4416
3341,A,0,6630
3342,B,0,0
3343,A,0,869
3344,B,0,4311
3345,B,0,1528
3346,A,0,4314
3347,A,0,0
3348,A,0,0
3349,B,0,3030
3350,A,0,2160
3351,B,0,2902
3352,B,0,1399
3353,A,0,0
3354,B,0,1920
3355,B,0,7460
3356,B,0,5670
3357,B,0,4044
3358,A,0,0
3359,A,0,1433
3360,A,0,4398
3361,B,0,1460
3362,B,0,3038
3363,A,0,2024
3364,B,0,1386
3365,A,0,1029
3366,B,0,8574
3367,B,0,0
3368,A,0,0
3369,A,0,1339
3370,B,0,1169
3371,A,0,1057
3372,A,0,2994
3373,A,0,1458
3374,A,0,966
3375,B,0,0
3376,A,0,4779
3377,A,0,4085
3378,A,0,0
3379,A,0,0
3380,A,0,2644
3381,B,0,4560
3382,B,0,0
3383,B,0,0
3384,A,0,1344
3385,A,0,3918
3386,A,0,5016
3387,B,0,1241
3388,B,0,4473
3389,A,0,1131
3390,A,0,1147
3391,B,0,1298
3392,A,0,0
3393,B,0,1303
3394,A,0,1336
3395,A,0,1708
3396,B,0,0
3397,A,0,1593
3398,B,0,5475
3399,B,0,1593
3400,B,0,1686
3401,B,0,2964
3402,A,0,3357
3403,B,0,1566
3404,A,0,1523
3405,A,0,7265
3406,B,0,1153
3407,B,0,1490
3408,B,0,2610
3409,A,0,6924
3410,A,0,5548
3411,B,0,0
3412,A,0,2778
3413,A,0,0
3414,B,0,0
3415,B,0,11688
3416,B,0,2742
3417,A,0,0
3418,B,0,9160
3419,B,0,1746
3420,B,0,4776
3421,B,0,13275
3422,A,0,4230
3423,B,0,0
3424,A,0,3855
3425,B,0,1543
3426,B,0,3178
3427,B,0,881
3428,A,0,1347
3429,A,0,1396
3430,A,0,0
3431,B,0,0
3432,B,0,0
3433,B,0,815
3434,A,0,3309
3435,B,0,0
3436,A,0,3472
3437,B,0,5644
3438,B,0,0
3439,B,0,0
3440,A,0,4452
3441,B,0,0
3442,A,0,1730
3443,B,0,1172
3444,B,0,0
3445,A,0,0
3446,A,0,1626
3447,B,0,5094
3448,B,0,0
3449,A,0,1344
3450,B,0,0
3451,B,0,0
3452,B,0,0
3453,B,0,0
3454,B,0,3453
3455,B,0,997
3456,B,0,3220
3457,B,0,0
3458,B,0,809
3459,A,0,6552
3460,A,0,0
3461,A,0,0
3462,A,0,3984
3463,A,0,2590
3464,B,0,4624
3465,B,0,863
3466,A,0,3894
3467,B,0,0
3468,A,0,0
3469,B,0,0
3470,A,0,0
3471,A,0,1539
3472,A,0,1159
3473,A,0,8071
3474,B,0,7670
3475,B,0,1231
3476,A,0,1578
3477,A,0,986
3478,B,0,993
3479,B,0,2462
3480,A,0,0
3481,B,0,0
3482,B,0,2422
3483,A,0,4750
3484,B,0,0
3485,B,0,1181
3486,B,0,2898
3487,B,0,0
3488,A,0,3999
3489,B,0,0
3490,B,0,1624
3491,A,0,2954
3492,A,0,1952
3493,A,0,980
3494,B,0,2696
3495,B,0,0
3496,B,0,2056
3497,A,0,4287
3498,A,0,3591
3499,B,0,4380
3500,A,0,0
3501,B,0,1584
3502,A,0,0
3503,A,0,3972
3504,A,0,0
3505,B,0,3676
3506,B,0,0
3507,A,0,1175
3508,B,0,0
3509,A,0,1286
3510,B,0,1215
3511,B,0,4485
3512,B,0,3580
3513,A,0,4695
3514,A,0,3768
3515,B,0,4460
3516,A,0,3148
3517,A,0,0
3518,A,0,1032
3519,B,0,4364
3520,B,0,3192
3521,A,0,1086
3522,A,0,12744
3523,B,0,2636
3524,B,0,7553
3525,B,0,1908
3526,B,0,0
3527,A,0,2788
3528,B,0,811
3529,B,0,2757
3530,A,0,2992
3531,A,0,1898
3532,A,0,0
3533,B,0,2288
3534,A,0,2098
3535,B,0,8508
3536,A,0,7255
3537,A,0,3432
3538,A,0,5180
3539,B,0,1200
3540,A,0,3753
3541,B,0,1333
3542,A,0,3963
3543,A,0,4980
3544,B,0,12160
3545,B,0,2164
3546,B,0,7133
3547,B,0,5604
3548,B,0,2624
3549,B,0,9450
3550,A,0,0
3551,B,0,3384
3552,A,0,986
3553,B,0,4100
3554,B,0,2302
3555,B,0,1562
3556,A,0,1287
3557,A,0,928
3558,A,0,0
3559,B,0,0
3560,A,0,1262
3561,B,0,2462
3562,A,0,2926
3563,B,0,1243
3564,B,0,0
3565,A,0,1544
3566,A,0,0
3567,B,0,2572
3568,A,0,1307
3569,A,0,0
3570,B,0,4590
3571,B,0,4484
3572,B,0,2084
3573,A,0,2432
3574,B,0,2088
3575,A,0,0
3576,A,0,7485
3577,B,0,4912
3578,B,0,0
3579,A,0,1528
3580,A,0,0
3581,A,0,2536
3582,B,0,4365
3583,B,0,2914
3584,A,0,1998
3585,B,0,858
3586,A,0,2790
3587,B,0,0
3588,B,0,1165
3589,B,0,0
3590,A,0,9608
3591,B,0,4212
3592,A,0,901
3593,A,0,5636
3594,A,0,2248
3595,A,0,957
3596,B,0,1083
3597,B,0,999
3598,B,0,0
3599,A,0,0
3600,A,0,0
3601,B,0,0
3602,A,0,1270
3603,B,0,2354
3604,A,0,1447
3605,A,0,1074
3606,B,0,2966
3607,A,0,8196
3608,A,0,0
3609,A,0,1127
3610,A,0,1111
3611,B,0,0
3612,A,0,0
3613,A,0,3321
3614,A,0,991
3615,A,0,4540
3616,A,0,0
3617,A,0,10704
3618,A,0,0
3619,A,0,0
3620,B,0,1407
3621,A,0,5750
3622,A,0,0
3623,A,0,0
3624,A,0,3060
3625,B,0,2763
3626,B,0,0
3627,B,0,0
3628,B,0,15730
3629,B,0,13419
3630,A,0,4227
3631,B,0,2702
3632,A,0,2850
3633,A,0,2934
3634,B,0,5924
3635,B,0,0
3636,A,0,1456
3637,A,0,1172
3638,B,0,3460
3639,A,0,1254
3640,B,0,1107
3641,A,0,0
3642,A,0,2913
3643,A,0,2688
3644,B,0,2100
3645,A,0,0
3646,B,0,4032
3647,A,0,2943
3648,A,0,6175
3649,B,0,3768
3650,B,0,4446
3651,B,0,2640
3652,B,0,2060
3653,A,0,960
3654,B,0,0
3655,A,0,1430
3656,B,0,1285
3657,A,0,4436
3658,A,0,2038
3659,A,0,3792
3660,B,0,0
3661,A,0,1474
3662,A,0,4668
3663,A,0,0
3664,A,0,0
3665,B,0,0
3666,B,0,0
3667,B,0,0
3668,B,0,0
3669,B,0,2832
3670,A,0,0
3671,A,0,0
3672,B,0,2589
3673,B,0,1324
3674,A,0,0
3675,A,0,8370
3676,B,0,4332
3677,A,0,2840
3678,B,0,1138
3679,B,0,3084
3680,A,0,1838
3681,A,0,2924
3682,A,0,917
3683,B,0,946
3684,A,0,0
3685,B,0,1135
3686,A,0,888
3687,B,0,2116
3688,A,0,0
3689,A,0,1118
3690,A,0,2420
3691,A,0,1579
3692,A,0,4228
3693,A,0,5712
3694,A,0,3764
3695,A,0,1858
3696,A,0,2586
3697,B,0,2734
3698,A,0,929
3699,B,0,0
3700,A,0,3054
3701,B,0,1217
3702,B,0,0
3703,B,0,0
3704,B,0,2592
3705,A,0,3996
3706,B,0,2598
3707,B,0,4767
3708,A,0,1510
3709,A,0,0
3710,A,0,5908
3711,B,0,3960
3712,A,0,859
3713,A,0,4428
3714,A,0,2314
3715,B,0,3387
3716,A,0,1103
3717,B,0,4107
3718,B,0,4990
3719,A,0,2804
3720,B,0,0
3721,A,0,0
3722,B,0,1028
3723,A,0,0
3724,B,0,879
3725,A,0,0
3726,A,0,3852
3727,A,0,0
3728,A,0,1052
3729,A,0,1446
3730,A,0,3120
3731,B,0,1223
3732,A,0,2370
3733,A,0,0
3734,A,0,2946
3735,B,0,4785
3736,A,0,2370
3737,A,0,2931
3738,B,0,1398
3739,B,0,1236
3740,A,0,910
3741,A,0,2076
3742,B,0,1214
3743,B,0,1236
3744,B,0,0
3745,A,0,0
3746,A,0,957
3747,B,0,0
3748,A,0,2868
3749,B,0,0
3750,A,0,0
3751,B,0,4152
3752,B,0,1894
3753,B,0,3927
3754,B,0,0
3755,B,0,7210
3756,A,0,2745
3757,A,0,1230
3758,B,0,3098
3759,B,0,2502
3760,A,0,2643
3761,B,0,3579
3762,B,0,2050
3763,A,0,975
3764,A,0,0
3765,B,0,1240
3766,A,0,4713
3767,A,0,1242
3768,A,0,0
3769,A,0,2462
3770,A,0,2836
3771,B,0,0
3772,A,0,3783
3773,A,0,1048
3774,B,0,1405
3775,A,0,1608
3776,B,0,0
3777,A,0,6979
3778,B,0,1585
3779,B,0,905
3780,A,0,2566
3781,A,0,1052
3782,A,0,4482
3783,A,0,3060
3784,A,0,0
3785,A,0,4016
3786,A,0,0
3787,A,0,2421
3788,A,0,1148
3789,B,0,10624
3790,A,0,4596
3791,B,0,3174
3792,B,0,1337
3793,B,0,0
3794,B,0,0
3795,B,0,1001
3796,B,0,6165
3797,B,0,1728
3798,B,0,2334
3799,B,0,3074
3800,B,0,1395
3801,A,0,5070
3802,A,0,0
3803,B,0,1485
3804,B,0,0
3805,B,0,902
3806,B,0,7110
3807,A,0,0
3808,A,0,1451
3809,B,0,1210
3810,B,0,3543
3811,A,0,3258
3812,B,0,0
3813,B,0,0
3814,B,0,1255
3815,A,0,1260
3816,A,0,2956
3817,B,0,1439
3818,A,0,0
3819,B,0,0
3820,B,0,0
3821,B,0,2114
3822,B,0,0
3823,B,0,0
3824,A,0,0
3825,A,0,1033
3826,A,0,6140
3827,B,0,3678
3828,B,0,0
3829,B,0,801
3830,A,0,1531
3831,B,0,0
3832,A,0,6275
3833,A,0,0
3834,A,0,0
3835,B,0,2238
3836,A,0,2636
3837,B,0,2944
3838,B,0,1375
3839,A,0,1540
3840,A,0,5000
3841,B,0,0
3842,B,0,8736
3843,B,0,1313
3844,B,0,1561
3845,A,0,8046
3846,B,0,2046
3847,B,0,0
3848,A,0,4568
3849,B,0,6335
3850,A,0,900
3851,B,0,2958
3852,A,0,2348
3853,B,0,0
3854,B,0,2883
3855,B,0,0
3856,B,0,0
3857,A,0,10290
3858,A,0,1417
3859,A,0,7200
3860,A,0,0
3861,B,0,1604
3862,A,0,3188
3863,A,0,1211
3864,A,0,1504
3865,B,0,897
3866,A,0,865
3867,B,0,0
3868,B,0,2280
3869,A,0,2334
3870,A,0,7974
3871,A,0,0
3872,B,0,4641
3873,A,0,0
3874,B,0,0
3875,B,0,2494
3876,A,0,2432
3877,A,0,893
3878,B,0,0
3879,B,0,1144
3880,B,0,0
3881,A,0,2554
3882,A,0,0
3883,A,0,1978
3884,A,0,0
3885,B,0,3972
3886,A,0,0
3887,B,0,2310
3888,B,0,3476
3889,B,0,8316
3890,A,0,0
3891,B,0,6590
3892,A,0,1406
3893,A,0,6120
3894,B,0,4539
3895,A,0,2800
3896,B,0,816
3897,A,0,6196
3898,B,0,1071
3899,B,0,7755
3900,B,0,0
3901,A,0,1142
3902,B,0,817
3903,A,0,4431
3904,A,0,0
3905,A,0,1520
3906,B,0,2703
3907,A,0,1468
3908,A,0,0
3909,B,0,3003
3910,A,0,2640
3911,B,0,1229
3912,A,0,0
3913,A,0,883
3914,A,0,1752
3915,B,0,2334
3916,B,0,2224
3917,A,0,1504
3918,A,0,4045
3919,B,0,8286
3920,A,0,1030
3921,A,0,0
3922,B,0,2844
3923,A,0,4377
3924,B,0,2568
3925,A,0,1578
3926,A,0,853
3927,A,0,5048
3928,B,0,3046
3929,B,0,1622
3930,B,0,1150
3931,A,0,0
3932,B,0,6880
3933,A,0,0
3934,B,0,0
3935,B,0,7420
3936,B,0,2884
3937,B,0,0
3938,A,0,2682
3939,A,0,2552
3940,B,0,2608
3941,A,0,1446
3942,A,0,2612
3943,B,0,0
3944,A,0,10437
3945,A,0,3507
3946,B,0,0
3947,A,0,2896
3948,A,0,3848
3949,B,0,6400
3950,A,0,0
3951,B,0,0
3952,B,0,7287
3953,A,0,4587
3954,A,0,5760
3955,A,0,2288
3956,A,0,3400
3957,A,0,908
3958,A,0,1182
3959,A,0,2808
3960,B,0,923
3961,B,0,1281
3962,B,0,0
3963,B,0,3282
3964,A,0,0
3965,A,0,0
3966,B,0,0
3967,B,0,7560
3968,B,0,0
3969,B,0,2330
3970,A,0,1295
3971,B,0,1046
3972,B,0,1275
3973,B,0,0
3974,A,0,0
3975,A,0,4239
3976,B,0,3114
3977,B,0,0
3978,B,0,4464
3979,B,0,14112
3980,A,0,1410
3981,B,0,0
3982,B,0,2870
3983,A,0,6880
3984,A,0,9352
3985,B,0,1171
3986,B,0,1118
3987,A,0,0
3988,A,0,0
3989,B,0,6300
3990,B,0,2560
3991,A,0,2016
3992,B,0,0
3993,A,0,950
3994,A,0,5775
3995,A,0,3816
3996,B,0,8958
3997,A,0,7780
3998,A,0,2518
3999,A,0,4713
4000,B,0,3118
4001,A,0,1548
4002,A,0,3076
4003,A,0,0
4004,A,0,0
4005,A,0,1423
4006,B,0,0
4007,B,0,1810
4008,A,0,4124
4009,A,0,881
4010,B,0,0
4011,A,0,3132
4012,A,0,1926
4013,A,0,1310
4014,A,0,3612
4015,B,0,6120
4016,A,0,2517
4017,A,0,2560
4018,B,0,2432
4019,A,0,2286
4020,B,0,1207
4021,A,0,0
4022,B,0,1563
4023,B,0,5175
4024,B,0,1812
4025,B,0,0
4026,A,0,2796
4027,B,0,949
4028,A,0,863
4029,B,0,2594
4030,A,0,0
4031,A,0,2732
4032,B,0,4480
4033,A,0,0
4034,A,0,1425
4035,A,0,3040
4036,B,0,0
4037,A,0,1004
4038,A,0,1410
4039,A,0,1458
4040,B,0,2400
4041,A,0,1431
4042,B,0,1457
4043,B,0,4895
4044,B,0,2476
4045,A,0,6148
4046,B,0,878
4047,B,0,0
4048,A,0,0
4049,A,0,6212
4050,B,0,1256
4051,B,0,1475
4052,A,0,1258
4053,B,0,1744
4054,B,0,3018
4055,B,0,0
4056,A,0,1170
4057,B,0,3717
4058,B,0,1124
4059,B,0,0
4060,B,0,2484
4061,B,0,1056
4062,A,0,1193
4063,A,0,2408
4064,A,0,830
4065,B,0,0
4066,A,0,0
4067,B,0,6146
4068,A,0,0
4069,A,0,6438
4070,B,0,0
4071,B,0,2244
4072,B,0,1042
4073,B,0,2926
4074,B,0,1596
4075,A,0,3120
4076,B,0,2577
4077,B,0,4272
4078,A,0,2994
4079,A,0,1200
4080,B,0,7855
4081,B,0,4332
4082,B,0,4860
4083,A,0,4083
4084,A,0,1587
4085,A,0,1451
4086,B,0,0
4087,B,0,0
4088,B,0,2634
4089,B,0,1193
4090,B,0,2400
4091,A,0,1946
4092,B,0,1004
4093,B,0,2802
4094,A,0,1589
4095,A,0,4196
4096,B,0,5388
4097,A,0,807
4098,B,0,0
4099,A,0,1830
4100,B,0,1571
4101,B,0,0
4102,A,0,0
4103,A,0,1187
4104,B,0,2948
4105,B,0,0
4106,B,0,5052
4107,A,0,4290
4108,B,0,1308
4109,B,0,1475
4110,A,0,0
4111,A,0,1067
4112,B,0,1484
4113,A,0,2214
4114,A,0,6890
4115,A,0,0
4116,B,0,1932
4117,B,0,2008
4118,B,0,5236
4119,A,0,6408
4120,A,0,0
4121,A,0,7908
4122,B,0,9272
4123,A,0,3534
4124,A,0,1702
4125,A,0,1135
4126,A,0,3198
4127,B,0,0
4128,B,0,0
4129,A,0,3956
4130,B,0,0
4131,B,0,7842
4132,B,0,7224
4133,A,0,1209
4134,B,0,0
4135,B,0,0
4136,A,0,0
4137,B,0,3111
4138,B,0,976
4139,B,0,1431
4140,A,0,0
4141,A,0,4236
4142,B,0,4377
4143,A,0,1201
4144,A,0,2628
4145,B,0,823
4146,B,0,5747
4147,A,0,8448
4148,A,0,2565
4149,A,0,1530
4150,A,0,4467
4151,A,0,6054
4152,A,0,8124
4153,A,0,1154
4154,A,0,1476
4155,B,0,0
4156,A,0,2943
4157,A,0,5704
4158,A,0,2104
4159,B,0,2634
4160,B,0,1083
4161,B,0,1932
4162,B,0,1467
4163,B,0,2020
4164,A,0,2312
4165,A,0,919
4166,A,0,2120
4167,B,0,1956
4168,A,0,4632
4169,A,0,1346
4170,A,0,3429
4171,B,0,6555
4172,B,0,11232
4173,B,0,1078
4174,B,0,0
4175,A,0,1302
4176,B,0,4496
4177,B,0,2698
4178,A,0,1730
4179,A,0,0
4180,B,0,8502
4181,B,0,1942
4182,A,0,1122
4183,B,0,1075
4184,A,0,2334
4185,A,0,1425
4186,B,0,1002
4187,A,0,937
4188,A,0,2324
4189,A,0,937
4190,A,0,4578
4191,A,0,0
4192,B,0,1098
4193,B,0,0
4194,A,0,3104
4195,A,0,0
4196,A,0,2322
4197,B,0,4518
4198,A,0,8330
4199,B,0,1988
4200,A,0,1145
4201,B,0,0
4202,A,0,943
4203,B,0,6503
4204,A,0,3753
4205,B,0,0
4206,A,0,0
4207,B,0,6072
4208,A,0,0
4209,A,0,3012
4210,A,0,1780
4211,A,0,5544
4212,A,0,3108
4213,A,0,1510
4214,A,0,6055
4215,A,0,1508
4216,A,0,2278
4217,A,0,2958
4218,B,0,1393
4219,A,0,1585
4220,B,0,3777
4221,A,0,2078
4222,A,0,2376
4223,B,0,2594
4224,A,0,5144
4225,A,0,0
4226,B,0,2228
4227,B,0,2506
4228,A,0,7270
4229,B,0,0
4230,A,0,1524
4231,B,0,3070
4232,A,0,8932
4233,A,0,0
4234,B,0,2790
4235,B,0,0
4236,B,0,4185
4237,B,0,0
4238,B,0,2358
4239,B,0,0
4240,B,0,6380
4241,B,0,5665
4242,A,0,0
4243,A,0,1387
4244,A,0,10278
4245,A,0,4494
4246,B,0,2674
4247,B,0,0
4248,B,0,0
4249,A,0,2608
4250,A,0,3372
4251,B,0,1275
4252,B,0,2336
4253,B,0,2342
4254,B,0,0
4255,B,0,8340
4256,B,0,0
4257,A,0,2214
4258,B,0,0
4259,B,0,941
4260,B,0,1114
4261,A,0,1249
4262,A,0,4836
4263,A,0,0
4264,A,0,2186
4265,B,0,1263
4266,B,0,893
4267,B,0,6972
4268,A,0,0
4269,A,0,852
4270,B,0,1296
4271,B,0,3348
4272,B,0,1143
4273,A,0,1201
4274,B,0,0
4275,A,0,5875
4276,A,0,1324
4277,A,0,0
4278,B,0,9318
4279,B,0,1556
4280,A,0,0
4281,B,0,0
4282,B,0,5750
4283,A,0,6237
4284,B,0,0
4285,A,0,0
4286,A,0,2788
4287,A,0,3000
4288,A,0,4626
4289,A,0,6004
4290,B,0,1484
4291,A,0,0
4292,B,0,1030
4293,B,0,2926
4294,B,0,2871
4295,A,0,1248
4296,B,0,0
4297,A,0,2888
4298,B,0,3460
4299,B,0,1478
4300,A,0,1790
4301,B,0,2952
4302,A,0,1079
4303,A,0,3564
4304,A,0,5955
4305,B,0,2986
4306,A,0,6114
4307,A,0,2220
4308,B,0,0
4309,A,0,3196
4310,B,0,7045
4311,B,0,2210
4312,A,0,0
4313,A,0,1408
4314,B,0,0
4315,A,0,3171
4316,A,0,0
4317,B,0,2334
4318,A,0,0
4319,B,0,0
4320,B,0,1035
4321,B,0,3108
4322,B,0,4641
4323,B,0,0
4324,B,0,1258
4325,B,0,10560
4326,B,0,4564
4327,B,0,0
4328,B,0,1161
4329,A,0,3885
4330,B,0,4000
4331,A,0,8130
4332,B,0,1555
4333,A,0,924
4334,A,0,6040
4335,A,0,1650
4336,A,0,0
4337,B,0,1001
4338,A,0,0
4339,B,0,1482
4340,B,0,5404
4341,A,0,0
4342,B,0,2630
4343,A,0,2871
4344,A,0,0
4345,A,0,2466
4346,B,0,1372
4347,B,0,5046
4348,B,0,832
4349,A,0,1978
4350,A,0,4436
4351,A,0,2116
4352,B,0,4749
4353,B,0,0
4354,B,0,1054
4355,B,0,2428
4356,A,0,1478
4357,B,0,0
4358,B,0,1147
4359,A,0,2100
4360,B,0,823
4361,B,0,3141
4362,B,0,2308
4363,B,0,1976
4364,A,0,0
4365,B,0,5608
4366,A,0,0
4367,A,0,4700
4368,B,0,3084
4369,B,0,0
4370,A,0,3140
4371,B,0,0
4372,B,0,0
4373,A,0,3186
4374,A,0,4832
4375,A,0,4260
4376,A,0,2108
4377,B,0,8505
4378,B,0,0
4379,A,0,0
4380,A,0,7464
4381,B,0,0
4382,A,0,6100
4383,A,0,0
4384,B,0,862
4385,B,0,3282
4386,A,0,1497
4387,A,0,0
4388,B,0,0
4389,B,0,0
4390,B,0,7182
4391,B,0,2242
4392,B,0,1036
4393,A,0,0
4394,B,0,0
4395,B,0,1486
4396,B,0,1451
4397,A,0,5500
4398,A,0,0
4399,A,0,919
4400,A,0,974
4401,A,0,1194
4402,A,0,1094
4403,B,0,0
4404,A,0,2010
4405,A,0,1646
4406,B,0,6702
4407,B,0,4701
4408,A,0,914
4409,B,0,3440
4410,A,0,5088
4411,B,0,7056
4412,A,0,1012
4413,B,0,6240
4414,B,0,4764
4415,B,0,2502
4416,B,0,1383
4417,A,0,0
4418,A,0,4089
4419,B,0,922
4420,B,0,0
4421,B,0,3800
4422,B,0,1500
4423,B,0,1216
4424,B,0,1012
4425,B,0,2776
4426,B,0,875
4427,B,0,4680
4428,B,0,6750
4429,A,0,3609
4430,A,0,6308
4431,A,0,0
4432,B,0,4698
4433,A,0,5620
4434,A,0,0
4435,B,0,2598
4436,A,0,3774
4437,B,0,1280
4438,B,0,3008
4439,A,0,6618
4440,B,0,2500
4441,A,0,5064
4442,B,0,1644
4443,A,0,1293
4444,A,0,1307
4445,A,0,2962
4446,B,0,0
4447,B,0,911
4448,B,0,5550
4449,A,0,2516
4450,A,0,0
4451,B,0,2220
4452,B,0,0
4453,B,0,1682
4454,B,0,3090
4455,B,0,1340
4456,B,0,0
4457,B,0,0
4458,A,0,0
4459,B,0,0
4460,A,0,917
4461,A,0,3012
4462,A,0,1247
4463,A,0,3306
4464,A,0,0
4465,A,0,6125
4466,A,0,1552
4467,B,0,0
4468,B,0,4896
4469,A,0,0
4470,A,0,0
4471,B,0,2838
4472,B,0,0
4473,B,0,0
4474,B,0,4353
4475,B,0,4164
4476,B,0,802
4477,A,0,1182
4478,B,0,995
4479,B,0,3186
4480,B,0,2898
4481,B,0,3016
4482,B,0,4668
4483,B,0,1459
4484,B,0,0
4485,B,0,0
4486,B,0,1529
4487,B,0,3070
4488,B,0,2420
4489,A,0,0
4490,A,0,0
4491,A,0,3747
4492,A,0,0
4493,B,0,3066
4494,B,0,0
4495,B,0,2428
4496,A,0,7990
4497,A,0,0
4498,B,0,2763
4499,B,0,0
4500,B,0,0
4501,A,0,6052
4502,A,0,0
4503,A,0,1026
4504,A,0,0
4505,A,0,2493
4506,A,0,1583
4507,B,0,1040
4508,A,0,2872
4509,A,0,1182
4510,B,0,2966
4511,A,0,0
4512,B,0,4215
4513,A,0,1243
4514,B,0,1140
4515,B,0,2426
4516,B,0,5284
4517,A,0,0
4518,B,0,0
4519,B,0,4956
4520,A,0,6713
4521,B,0,3070
4522,A,0,0
4523,B,0,0
4524,A,0,3954
4525,A,0,0
4526,B,0,920
4527,A,0,3597
4528,A,0,4216
4529,B,0,1393
4530,B,0,0
4531,A,0,3564
4532,B,0,1060
4533,A,0,1297
4534,B,0,5012
4535,A,0,0
4536,A,0,0
4537,A,0,1430
4538,B,0,1335
4539,B,0,6245
4540,B,0,2810
4541,B,0,2736
4542,A,0,3843
4543,A,0,2448
4544,B,0,5600
4545,A,0,4748
4546,A,0,0
4547,A,0,1338
4548,A,0,4900
4549,A,0,8052
4550,A,0,875
4551,A,0,1085
4552,B,0,2786
4553,B,0,0
4554,B,0,0
4555,A,0,3384
4556,B,0,0
4557,A,0,2768
4558,B,0,2748
4559,B,0,6438
4560,A,0,3522
4561,A,0,2790
4562,A,0,4695
4563,A,0,0
4564,B,0,6498
4565,A,0,1388
4566,B,0,982
4567,B,0,1067
4568,A,0,3705
4569,A,0,3924
4570,B,0,0
4571,A,0,973
4572,A,0,1465
4573,A,0,0
4574,A,0,0
4575,A,0,2640
4576,A,0,814
4577,A,0,3753
4578,B,0,3258
4579,A,0,5312
4580,A,0,986
4581,B,0,1570
4582,A,0,6185
4583,A,0,0
4584,B,0,1575
4585,A,0,2052
4586,A,0,0
4587,A,0,0
4588,A,0,9999
4589,B,0,10008
4590,A,0,0
4591,A,0,0
4592,B,0,2643
4593,B,0,833
4594,B,0,4145
4595,A,0,1200
4596,A,0,2350
4597,A,0,1318
4598,B,0,2828
4599,A,0,1077
4600,A,0,827
4601,A,0,5360
4602,B,0,1126
4603,A,0,1936
4604,B,0,947
4605,B,0,1363
4606,B,0,4494
4607,B,0,2820
4608,A,0,0
4609,A,0,2616
4610,B,0,4728
4611,A,0,0
4612,B,0,1034
4613,B,0,3513
4614,B,0,1882
4615,A,0,7632
4616,A,0,3046
4617,A,0,6925
4618,A,0,3010
4619,B,0,2014
4620,B,0,0
4621,A,0,7210
4622,B,0,0
4623,A,0,0
4624,A,0,1870
4625,A,0,6280
4626,B,0,2922
4627,A,0,2956
4628,B,0,2768
4629,A,0,2428
4630,B,0,1139
4631,A,0,1968
4632,B,0,1126
4633,A,0,5835
4634,B,0,2342
4635,A,0,4695
4636,A,0,6328
4637,A,0,2823
4638,A,0,2946
4639,B,0,918
4640,A,0,1001
4641,B,0,4770
4642,A,0,0
4643,B,0,0
4644,B,0,2964
4645,B,0,2434
4646,A,0,1275
4647,B,0,1128
4648,B,0,2238
4649,A,0,5780
4650,B,0,2812
4651,B,0,1332
4652,A,0,0
4653,B,0,8296
4654,A,0,1778
4655,A,0,4216
4656,A,0,4629
4657,A,0,7655
4658,A,0,8946
4659,A,0,2493
4660,B,0,3702
4661,B,0,4734
4662,B,0,3441
4663,B,0,2994
4664,B,0,2646
4665,A,0,1646
4666,B,0,0
4667,A,0,0
4668,B,0,3585
4669,A,0,1856
4670,B,0,4512
4671,A,0,1762
4672,B,0,1379
4673,B,0,0
4674,A,0,4263
4675,A,0,4656
4676,B,0,12464
4677,B,0,0
4678,A,0,2838
4679,A,0,0
4680,B,0,0
4681,B,0,853
4682,B,0,1812
4683,B,0,6220
4684,A,0,4140
4685,A,0,1470
4686,A,0,0
4687,A,0,2478
4688,A,0,2480
4689,A,0,0
4690,A,0,0
4691,A,0,803
4692,B,0,1552
4693,A,0,3270
4694,A,0,1337
4695,B,0,0
4696,A,0,3500
4697,B,0,1222
4698,A,0,1822
4699,A,0,0
4700,B,0,1025
4701,B,0,5178
4702,A,0,7728
4703,A,0,2488
4704,B,0,0
4705,B,0,0
4706,B,0,0
4707,B,0,0
4708,A,0,1167
4709,A,0,8631
4710,B,0,3380
4711,A,0,4158
4712,B,0,3724
4713,B,0,3060
4714,A,0,1276
4715,A,0,1373
4716,A,0,8568
4717,A,0,3393
4718,A,0,3112
4719,A,0,0
4720,A,0,0
4721,A,0,1950
4722,B,0,0
4723,B,0,4632
4724,B,0,5172
4725,A,0,6192
4726,A,0,1497
4727,B,0,2750
4728,A,0,1884
4729,A,0,5344
4730,B,0,1282
4731,A,0,7845
4732,A,0,0
4733,B,0,846
4734,A,0,1127
4735,B,0,3957
4736,B,0,957
4737,B,0,0
4738,A,0,7710
4739,A,0,918
4740,A,0,6985
4741,A,0,1533
4742,B,0,0
4743,A,0,1395
4744,A,0,2214
4745,B,0,1858
4746,B,0,5335
4747,B,0,1079
4748,B,0,0
4749,B,0,1505
4750,A,0,1401
4751,B,0,2614
4752,B,0,903
4753,B,0,4254
4754,B,0,919
4755,B,0,1464
4756,A,0,2512
4757,A,0,2164
4758,A,0,4635
4759,A,0,4892
4760,A,0,8832
4761,B,0,0
4762,A,0,1802
4763,A,0,1572
4764,B,0,0
4765,A,0,0
4766,A,0,5072
4767,B,0,0
4768,B,0,1610
4769,A,0,1351
4770,A,0,4209
4771,B,0,0
4772,A,0,0
4773,B,0,0
4774,A,0,3172
4775,B,0,4788
4776,A,0,817
4777,A,0,0
4778,A,0,8407
4779,A,0,914
4780,A,0,1042
4781,B,0,3495
4782,A,0,0
4783,B,0,0
4784,B,0,1096
4785,A,0,1538
4786,A,0,1299
4787,B,0,2286
4788,B,0,0
4789,A,0,4408
4790,B,0,5832
4791,B,0,0
4792,A,0,1782
4793,A,0,1538
4794,A,0,2541
4795,A,0,3904
4796,A,0,2508
4797,A,0,6952
4798,B,0,1990
4799,A,0,2362
4800,A,0,0
4801,A,0,1384
4802,A,0,5900
4803,A,0,968
4804,B,0,3036
4805,B,0,1295
4806,A,0,0
4807,A,0,1758
4808,A,0,1243
4809,B,0,1350
4810,B,0,3735
4811,B,0,1622
4812,A,0,0
4813,A,0,0
4814,B,0,1966
4815,B,0,2946
4816,A,0,0
4817,B,0,1990
4818,B,0,1194
4819,B,0,1806
4820,B,0,1750
4821,A,0,0
4822,B,0,0
4823,A,0,0
4824,A,0,4780
4825,A,0,1543
4826,B,0,1936
4827,A,0,2706
4828,B,0,5144
4829,B,0,5016
4830,B,0,7735
4831,B,0,1544
4832,B,0,2877
4833,A,0,0
4834,B,0,2950
4835,A,0,0
4836,A,0,10592
4837,B,0,10560
4838,B,0,6155
4839,B,0,6690
4840,A,0,10885
4841,A,0,4356
4842,A,0,3039
4843,A,0,1373
4844,A,0,0
4845,B,0,3504
4846,B,0,1410
4847,A,0,0
4848,A,0,4876
4849,A,0,0
4850,B,0,7908
4851,A,0,1287
4852,A,0,5873
4853,A,0,1036
4854,A,0,1305
4855,A,0,1363
4856,A,0,993
4857,A,0,1580
4858,A,0,0
4859,A,0,0
4860,A,0,2356
4861,A,0,1160
4862,B,0,967
4863,B,0,1171
4864,A,0,0
4865,A,0,1411
4866,B,0,2624
4867,A,0,1416
4868,B,0,4670
4869,B,0,5960
4870,B,0,2902
4871,A,0,0
4872,A,0,0
4873,B,0,0
4874,B,0,4504
4875,B,0,0
4876,B,0,7038
4877,B,0,2330
4878,B,0,4500
4879,B,0,0
4880,A,0,5604
4881,B,0,0
4882,B,0,0
4883,B,0,3076
4884,B,0,1243
4885,B,0,4149
4886,A,0,1501
4887,A,0,1054
4888,A,0,3006
4889,A,0,0
4890,A,0,0
4891,A,0,5152
4892,B,0,4728
4893,A,0,1888
4894,B,0,1760
4895,A,0,3918
4896,B,0,6800
4897,A,0,0
4898,B,0,1566
4899,A,0,1294
4900,A,0,1081
4901,A,0,3134
4902,A,0,7098
4903,A,0,1389
4904,B,0,0
4905,B,0,1486
4906,B,0,6380
4907,A,0,1720
4908,B,0,2010
4909,B,0,2100
4910,A,0,2566
4911,A,0,1295
4912,A,0,3384
4913,B,0,2362
4914,B,0,1386
4915,B,0,2092
4916,A,0,2912
4917,B,0,5896
4918,A,0,3711
4919,B,0,0
4920,A,0,2124
4921,A,0,2460
4922,A,0,0
4923,A,0,4244
4924,B,0,1435
4925,A,0,0
4926,B,0,4820
4927,A,0,935
4928,B,0,0
4929,A,0,7595
4930,B,0,1017
4931,B,0,963
4932,B,0,6384
4933,A,0,3159
4934,A,0,3699
4935,A,0,1772
4936,A,0,2798
4937,B,0,0
4938,B,0,2958
4939,B,0,0
4940,B,0,6564
4941,B,0,2530
4942,A,0,3174
4943,B,0,0
4944,A,0,2976
4945,A,0,2766
4946,A,0,7080
4947,B,0,2356
4948,B,0,0
4949,B,0,4737
4950,B,0,0
4951,B,0,2116
4952,B,0,0
4953,B,0,920
4954,B,0,2804
4955,B,0,0
4956,A,0,1441
4957,A,0,2826
4958,B,0,2042
4959,A,0,3248
4960,A,0,1414
4961,A,0,881
4962,A,0,0
4963,B,0,1135
4964,B,0,3696
4965,A,0,5586
4966,A,0,1586
4967,B,0,2570
4968,B,0,4685
4969,A,0,0
4970,A,0,9576
4971,B,0,6096
4972,A,0,2484
4973,B,0,3096
4974,B,0,0
4975,A,0,2804
4976,A,0,0
4977,A,0,832
4978,A,0,2955
4979,A,0,0
4980,B,0,2396
4981,B,0,3364
4982,B,0,0
4983,A,0,3615
4984,B,0,0
4985,B,0,0
4986,B,0,2100
4987,B,0,1106
4988,B,0,5670
4989,B,0,0
4990,A,0,0
4991,A,0,1231
4992,A,0,1515
4993,B,0,0
4994,B,0,1926
4995,A,0,0
4996,A,0,1488
4997,B,0,0
4998,B,0,0
4999,A,0,6228
5000,B,0,3276
5001,A,0,3711
5002,B,0,0
5003,A,0,1172
5004,A,0,4782
5005,B,0,2176
5006,B,0,2421
5007,B,0,863
5008,A,0,4134
5009,B,0,0
5010,A,0,1116
5011,A,0,4184
5012,B,0,4155
5013,B,0,3174
5014,B,0,1009
5015,B,0,5764
5016,B,0,0
5017,A,0,0
5018,A,0,6136
5019,A,0,6388
5020,A,0,5490
5021,A,0,1320
5022,A,0,0
5023,A,0,2316
5024,B,0,2398
5025,B,0,1593
5026,B,0,6184
5027,B,0,0
5028,B,0,2672
5029,A,0,0
5030,A,0,1358
5031,B,0,9492
5032,A,0,1007
5033,A,0,1248
5034,A,0,1912
5035,B,0,1291
5036,A,0,0
5037,B,0,0
5038,A,0,1632
5039,A,0,3030
5040,B,0,0
5041,B,0,3909
5042,A,0,803
5043,B,0,2574
5044,B,0,2666
5045,A,0,13743
5046,B,0,2943
5047,A,0,1890
5048,B,0,1214
5049,A,0,4320
5050,A,0,1978
5051,B,0,0
5052,B,0,0
5053,A,0,1078
5054,A,0,2534
5055,A,0,10980
5056,B,0,2894
5057,A,0,5898
5058,A,0,2504
5059,A,0,1308
5060,A,0,0
5061,A,0,4180
5062,A,0,0
5063,A,0,4784
5064,B,0,7572
5065,A,0,1354
5066,B,0,0
5067,B,0,2722
5068,A,0,1331
5069,B,0,0
5070,B,0,0
5071,A,0,2400
5072,B,0,5112
5073,A,0,1742
5074,B,0,2832
5075,A,0,1545
5076,B,0,1572
5077,A,0,2392
5078,A,0,4940
5079,B,0,1507
5080,A,0,6104
5081,B,0,0
5082,B,0,0
5083,B,0,0
5084,A,0,2072
5085,B,0,12321
5086,B,0,3318
5087,A,0,0
5088,B,0,2126
5089,A,0,2748
5090,A,0,1049
5091,A,0,0
5092,B,0,0
5093,B,0,1045
5094,B,0,6880
5095,B,0,4677
5096,B,0,2733
5097,A,0,1558
5098,A,0,2364
5099,B,0,2124
5100,A,0,1896
5101,B,0,1688
5102,A,0,1666
5103,B,0,0
5104,A,0,1684
5105,B,0,2818
5106,B,0,921
5107,B,0,1159
5108,A,0,2616
5109,A,0,2420
5110,A,0,0
5111,B,0,4604
5112,A,0,0
5113,B,0,0
5114,A,0,1754
5115,A,0,0
5116,A,0,5408
5117,B,0,1764
5118,A,0,1082
5119,A,0,1200
5120,B,0,5924
5121,A,0,5244
5122,A,0,0
5123,B,0,4208
5124,A,0,0
5125,B,0,1068
5126,A,0,0
5127,A,0,1348
5128,B,0,0
5129,A,0,4428
5130,A,0,0
5131,B,0,2164
5132,A,0,6256
5133,A,0,863
5134,B,0,0
5135,B,0,3108
5136,B,0,2756
5137,B,0,1065
5138,B,0,2631
5139,A,0,9864
5140,A,0,1560
5141,A,0,1066
5142,B,0,2541
5143,B,0,2496
5144,B,0,0
5145,A,0,1174
5146,A,0,4368
5147,B,0,3288
5148,B,0,0
5149,A,0,0
5150,B,0,7590
5151,B,0,1450
5152,A,0,896
5153,A,0,0
5154,B,0,12023
5155,A,0,0
5156,B,0,5912
5157,A,0,1574
5158,A,0,1312
5159,B,0,3010
5160,A,0,1966
5161,B,0,1473
5162,A,0,831
5163,B,0,3896
5164,A,0,0
5165,A,0,4644
5166,B,0,1253
5167,A,0,11640
5168,B,0,0
5169,A,0,5940
5170,B,0,0
5171,B,0,0
5172,B,0,0
5173,B,0,1496
5174,B,0,3981
5175,B,0,5036
5176,A,0,0
5177,B,0,3196
5178,A,0,3045
5179,A,0,1094
5180,A,0,882
5181,A,0,0
5182,A,0,1149
5183,B,0,1052
5184,A,0,1231
5185,A,0,3104
5186,B,0,1525
5187,A,0,3276
5188,B,0,3432
5189,A,0,1026
5190,B,0,0
5191,B,0,2970
5192,B,0,1116
5193,A,0,1584
5194,A,0,2780
5195,B,0,2778
5196,B,0,0
5197,B,0,7974
5198,B,0,1766
5199,A,0,1500
5200,B,0,0
5201,B,0,2000
5202,A,0,3396
5203,B,0,0
5204,A,0,1167
5205,B,0,1706
5206,B,0,922
5207,B,0,0
5208,B,0,1848
5209,B,0,0
5210,A,0,6288
5211,B,0,6292
5212,A,0,2168
5213,B,0,3252
5214,A,0,5646
5215,B,0,1744
5216,A,0,0
5217,B,0,963
5218,A,0,1292
5219,B,0,1748
5220,A,0,0
5221,B,0,4479
5222,A,0,1117
5223,B,0,1185
5224,A,0,1361
5225,A,0,5160
5226,B,0,6090
5227,B,0,3244
5228,A,0,0
5229,B,0,2404
5230,B,0,2280
5231,A,0,0
5232,A,0,5490
5233,A,0,2064
5234,B,0,1450
5235,A,0,1824
5236,A,0,0
5237,A,0,843
5238,B,0,1462
5239,A,0,1477
5240,A,0,1414
5241,A,0,1479
5242,A,0,1489
5243,A,0,6565
5244,B,0,0
5245,A,0,0
5246,B,0,1437
5247,A,0,2090
5248,B,0,1573
5249,A,0,896
5250,B,0,2804
5251,B,0,2830
5252,A,0,4384
5253,B,0,0
5254,B,0,3312
5255,B,0,2788
5256,A,0,12051
5257,B,0,1426
5258,A,0,0
5259,B,0,0
5260,A,0,5442
5261,A,0,1192
5262,A,0,1216
5263,A,0,2890
5264,A,0,3194
5265,B,0,0
5266,B,0,3936
5267,B,0,2600
5268,B,0,864
5269,B,0,2262
5270,B,0,0
5271,B,0,802
5272,B,0,3060
5273,A,0,0
5274,A,0,2694
5275,A,0,0
5276,B,0,1533
5277,B,0,1392
5278,B,0,0
5279,B,0,0
5280,B,0,1567
5281,B,0,0
5282,A,0,1277
5283,B,0,3316
5284,B,0,2078
5285,B,0,2374
5286,B,0,1388
5287,B,0,0
5288,B,0,985
5289,A,0,2596
5290,A,0,0
5291,A,0,7265
5292,A,0,7860
5293,A,0,0
5294,A,0,0
5295,B,0,4671
5296,B,0,0
5297,B,0,5864
5298,B,0,0
5299,B,0,909
5300,B,0,0
5301,A,0,0
5302,A,0,2478
5303,A,0,0
5304,A,0,875
5305,A,0,1478
5306,A,0,5872
5307,A,0,923
5308,B,0,0
5309,B,0,2856
5310,A,0,3048
5311,B,0,1186
5312,B,0,1884
5313,B,0,0
5314,B,0,5262
5315,A,0,6660
5316,B,0,5615
5317,B,0,3182
5318,B,0,873
5319,A,0,1172
5320,B,0,1111
5321,B,0,0
5322,B,0,0
5323,B,0,0
5324,A,0,2709
5325,B,0,3495
5326,B,0,849
5327,B,0,7630
5328,B,0,1245
5329,A,0,0
5330,A,0,1422
5331,B,0,6760
5332,A,0,6348
5333,B,0,0
5334,B,0,2636
5335,B,0,1109
5336,B,0,9261
5337,B,0,834
5338,B,0,2648
5339,A,0,1277
5340,B,0,966
5341,B,0,14013
5342,B,0,6115
5343,A,0,9936
5344,A,0,871
5345,B,0,0
5346,A,0,0
5347,A,0,0
5348,A,0,0
5349,B,0,5148
5350,B,0,1206
5351,B,0,0
5352,A,0,7408
5353,A,0,1280
5354,A,0,1450
5355,B,0,935
5356,B,0,0
5357,A,0,2884
5358,A,0,7920
5359,A,0,3150
5360,A,0,0
5361,A,0,1192
5362,B,0,840
5363,B,0,0
5364,B,0,5405
5365,B,0,901
5366,B,0,1428
5367,B,0,2439
5368,A,0,2654
5369,A,0,1287
5370,B,0,0
5371,B,0,5708
5372,B,0,0
5373,B,0,0
5374,A,0,7914
5375,A,0,3408
5376,A,0,965
5377,B,0,7230
5378,A,0,0
5379,A,0,10560
5380,B,0,0
5381,A,0,2024
5382,B,0,0
5383,A,0,0
5384,B,0,2414
5385,B,0,0
5386,A,0,2442
5387,A,0,7225
5388,A,0,0
5389,A,0,4300
5390,A,0,1116
5391,B,0,0
5392,A,0,1846
5393,A,0,0
5394,B,0,800
5395,B,0,5852
5396,A,0,1122
5397,B,0,0
5398,A,0,1543
5399,A,0,1770
5400,B,0,0
5401,B,0,980
5402,A,0,4443
5403,B,0,0
5404,B,0,4680
5405,B,0,0
5406,A,0,2436
5407,B,0,3002
5408,B,0,1132
5409,B,0,8994
5410,B,0,0
5411,A,0,0
5412,B,0,10178
5413,B,0,10675
5414,A,0,1208
5415,B,0,995
5416,A,0,1297
5417,A,0,6105
5418,B,0,4440
5419,A,0,1158
5420,A,0,877
5421,A,0,4612
5422,A,0,1161
5423,A,0,1079
5424,A,0,1000
5425,A,0,10976
5426,A,0,2808
5427,A,0,2520
5428,A,0,958
5429,B,0,2152
5430,B,0,4640
5431,B,0,2894
5432,A,0,3402
5433,B,0,1591
5434,A,0,840
5435,A,0,0
5436,A,0,942
5437,A,0,0
5438,A,0,3738
5439,A,0,2220
5440,B,0,3699
5441,B,0,4428
5442,A,0,5820
5443,B,0,1950
5444,B,0,1260
5445,A,0,0
5446,B,0,0
5447,B,0,1586
5448,A,0,2907
5449,B,0,5192
5450,B,0,1095
5451,A,0,2774
5452,A,0,2880
5453,A,0,0
5454,B,0,0
5455,A,0,0
5456,B,0,2878
5457,B,0,1303
5458,B,0,1059
5459,B,0,2170
5460,A,0,1698
5461,A,0,1595
5462,B,0,4041
5463,B,0,3720
5464,B,0,1988
5465,A,0,3788
5466,A,0,0
5467,A,0,814
5468,B,0,1284
5469,A,0,2510
5470,B,0,1129
5471,A,0,2922
5472,B,0,0
5473,A,0,2642
5474,B,0,1007
5475,B,0,3124
5476,A,0,0
5477,A,0,0
5478,B,0,1406
5479,B,0,0
5480,B,0,2020
5481,B,0,3741
5482,B,0,0
5483,B,0,0
5484,A,0,7146
5485,A,0,0
5486,B,0,0
5487,B,0,2800
5488,B,0,1559
5489,B,0,8076
5490,B,0,3273
5491,A,0,3708
5492,B,0,4500
5493,A,0,4708
5494,A,0,5665
5495,B,0,992
5496,B,0,1135
5497,B,0,1581
5498,A,0,1832
5499,A,0,2460
5500,A,0,814
5501,A,0,2994
5502,B,0,6576
5503,A,0,2056
5504,B,0,4287
5505,B,0,2734
5506,A,0,1025
5507,B,0,4170
5508,A,0,2902
5509,B,0,3519
5510,B,0,2276
5511,B,0,4530
5512,B,0,2208
5513,B,0,0
5514,B,0,14166
5515,A,0,4616
5516,B,0,3140
5517,A,0,1330
5518,B,0,0
5519,A,0,3158
5520,A,0,3042
5521,B,0,1370
5522,A,0,2814
5523,A,0,2418
5524,B,0,6208
5525,A,0,1491
5526,A,0,883
5527,B,0,0
5528,A,0,7465
5529,B,0,9828
5530,B,0,1914
5531,A,0,3584
5532,B,0,2754
5533,A,0,0
5534,A,0,918
5535,A,0,6124
5536,B,0,7170
5537,B,0,7925
5538,B,0,0
5539,A,0,1854
5540,A,0,7938
5541,B,0,5560
5542,A,0,1528
5543,B,0,2602
5544,A,0,1563
5545,A,0,0
5546,B,0,3612
5547,B,0,1708
5548,A,0,1095
5549,B,0,0
5550,B,0,2600
5551,A,0,3024
5552,A,0,4610
5553,A,0,0
5554,B,0,0
5555,A,0,0
5556,A,0,1188
5557,A,0,1904
5558,B,0,0
5559,A,0,3360
5560,A,0,1000
5561,B,0,2040
5562,A,0,1181
5563,B,0,4707
5564,B,0,4508
5565,A,0,1077
5566,B,0,4248
5567,B,0,2769
5568,A,0,3864
5569,A,0,1390
5570,B,0,4209
5571,A,0,3030
5572,B,0,2673
5573,A,0,0
5574,A,0,1365
5575,A,0,8336
5576,A,0,2018
5577,A,0,0
5578,A,0,0
5579,B,0,0
5580,B,0,0
5581,A,0,3052
5582,A,0,0
5583,B,0,0
5584,A,0,4146
5585,A,0,0
5586,B,0,0
5587,A,0,1134
5588,A,0,820
5589,A,0,4362
5590,B,0,0
5591,A,0,1924
5592,A,0,0
5593,A,0,0
5594,B,0,0
5595,B,0,1244
5596,A,0,0
5597,A,0,1946
5598,A,0,0
5599,B,0,0
5600,A,0,0
5601,A,0,1048
5602,B,0,2638
5603,B,0,2697
5604,A,0,1766
5605,A,0,2476
5606,A,0,2052
5607,B,0,0
5608,B,0,2768
5609,A,0,2814
5610,B,0,0
5611,B,0,4652
5612,B,0,2558
5613,A,0,3702
5614,B,0,2446
5615,A,0,2470
5616,B,0,1493
5617,A,0,0
5618,A,0,0
5619,A,0,0
5620,B,0,4656
5621,B,0,0
5622,B,0,4900
5623,B,0,3280
5624,A,0,1521
5625,A,0,3912
5626,B,0,0
5627,B,0,2466
5628,B,0,2964
5629,B,0,1992
5630,B,0,0
5631,B,0,2676
5632,A,0,8340
5633,B,0,0
5634,B,0,2426
5635,A,0,3146
5636,A,0,3076
5637,A,0,1069
5638,A,0,6304
5639,B,0,890
5640,B,0,1203
5641,B,0,2466
5642,B,0,964
5643,B,0,1482
5644,A,0,2562
5645,B,0,4950
5646,A,0,2632
5647,B,0,1584
5648,B,0,6797
5649,B,0,0
5650,B,0,7600
5651,A,0,0
5652,B,0,5525
5653,B,0,2254
5654,B,0,2936
5655,A,0,0
5656,B,0,4868
5657,A,0,1538
5658,A,0,1335
5659,B,0,2853
5660,B,0,2748
5661,A,0,1264
5662,B,0,3776
5663,A,0,2788
5664,A,0,2632
5665,B,0,2778
5666,B,0,0
5667,B,0,1114
5668,A,0,1028
5669,A,0,7504
5670,A,0,3543
5671,B,0,2874
5672,A,0,0
5673,B,0,829
5674,B,0,2022
5675,B,0,2298
5676,A,0,12304
5677,A,0,1082
5678,A,0,0
5679,B,0,3690
5680,A,0,2434
5681,A,0,0
5682,B,0,0
5683,B,0,2456
5684,A,0,4812
5685,B,0,978
5686,A,0,0
5687,B,0,3092
5688,B,0,5682
5689,B,0,5365
5690,B,0,2682
5691,B,0,0
5692,B,0,6350
5693,B,0,0
5694,A,0,1514
5695,B,0,1323
5696,A,0,0
5697,A,0,2490
5698,B,0,1056
5699,A,0,1231
5700,B,0,959
5701,A,0,4636
5702,A,0,1047
5703,B,0,4770
5704,B,0,0
5705,A,0,7752
5706,B,0,11925
5707,A,0,2378
5708,A,0,3160
5709,A,0,7050
5710,A,0,2670
5711,B,0,2778
5712,A,0,2586
5713,A,0,6300
5714,A,0,0
5715,B,0,0
5716,A,0,2990
5717,B,0,1694
5718,B,0,9940
5719,B,0,7305
5720,B,0,827
5721,B,0,0
5722,A,0,1349
5723,B,0,7175
5724,A,0,0
5725,B,0,2062
5726,A,0,1561
5727,B,0,0
5728,B,0,3062
5729,A,0,11290
5730,A,0,1355
5731,B,0,0
5732,A,0,0
5733,B,0,1628
5734,A,0,1407
5735,A,0,1950
5736,B,0,1736
5737,A,0,2568
5738,A,0,1143
5739,A,0,0
5740,B,0,1225
5741,A,0,0
5742,B,0,11817
5743,A,0,2650
5744,A,0,6260
5745,A,0,1273
5746,A,0,2604
5747,B,0,0
5748,B,0,815
5749,A,0,1288
5750,A,0,1022
5751,A,0,1021
5752,B,0,0
5753,A,0,3012
5754,B,0,1407
5755,A,0,0
5756,B,0,1463
5757,A,0,4260
5758,A,0,0
5759,A,0,4708
5760,A,0,3148
5761,B,0,0
5762,B,0,8590
5763,B,0,1057
5764,B,0,6912
5765,B,0,844
5766,A,0,4344
5767,B,0,12776
5768,A,0,933
5769,B,0,2568
5770,A,0,1884
5771,A,0,1608
5772,B,0,1024
5773,B,0,4206
5774,A,0,3771
5775,B,0,4108
5776,B,0,0
5777,A,0,1551
5778,A,0,1252
5779,B,0,5424
5780,A,0,0
5781,A,0,2883
5782,B,0,10206
5783,A,0,4560
5784,B,0,0
5785,A,0,1460
5786,A,0,867
5787,A,0,0
5788,B,0,3420
5789,A,0,4509
5790,B,0,9149
5791,A,0,3564
5792,A,0,3432
5793,B,0,0
5794,B,0,1245
5795,B,0,4224
5796,B,0,0
5797,B,0,0
5798,B,0,941
5799,A,0,10304
5800,A,0,925
5801,A,0,6055
5802,A,0,951
5803,A,0,0
5804,A,0,2847
5805,A,0,12870
5806,B,0,3477
5807,A,0,1085
5808,A,0,0
5809,B,0,6396
5810,B,0,1812
5811,B,0,1976
5812,A,0,903
5813,A,0,1403
5814,A,0,2946
5815,B,0,0
5816,B,0,0
5817,B,0,2598
5818,A,0,0
5819,B,0,0
5820,A,0,0
5821,A,0,0
5822,B,0,0
5823,B,0,3114
5824,A,0,3171
5825,B,0,5192
5826,A,0,0
5827,B,0,2722
5828,B,0,985
5829,A,0,0
5830,B,0,1824
5831,B,0,1970
5832,B,0,1107
5833,A,0,0
5834,B,0,0
5835,B,0,7030
5836,A,0,0
5837,A,0,1309
5838,B,0,0
5839,B,0,0
5840,B,0,9054
5841,A,0,3576
5842,A,0,3588
5843,A,0,6005
5844,B,0,0
5845,B,0,9546
5846,A,0,1231
5847,B,0,3568
5848,A,0,5204
5849,A,0,0
5850,B,0,6209
5851,A,0,0
5852,A,0,1848
5853,A,0,1287
5854,A,0,1904
5855,A,0,0
5856,A,0,3786
5857,A,0,7750
5858,A,0,1144
5859,B,0,3528
5860,B,0,1920
5861,B,0,7950
5862,B,0,3168
5863,A,0,1577
5864,B,0,1218
5865,B,0,0
5866,A,0,6260
5867,B,0,1487
5868,B,0,3068
5869,A,0,0
5870,A,0,0
5871,A,0,0
5872,A,0,1264
5873,B,0,2096
5874,B,0,2828
5875,A,0,1476
5876,B,0,2956
5877,B,0,0
5878,B,0,3186
5879,B,0,5008
5880,A,0,2751
5881,A,0,0
5882,A,0,3040
5883,A,0,2252
5884,B,0,2829
5885,A,0,0
5886,A,0,2968
5887,A,0,4275
5888,A,0,3050
5889,B,0,1078
5890,A,0,839
5891,B,0,1266
5892,A,0,4244
5893,B,0,955
5894,A,0,3909
5895,B,0,1050
5896,B,0,1437
5897,B,0,5520
5898,A,0,2272
5899,A,0,2836
5900,B,0,3140
5901,B,0,2535
5902,B,0,1998
5903,A,0,0
5904,B,0,1045
5905,B,0,0
5906,B,0,4554
5907,A,0,903
5908,B,0,0
5909,B,0,4374
5910,A,0,1476
5911,A,0,1345
5912,A,0,0
5913,A,0,1642
5914,B,0,5900
5915,B,0,0
5916,B,0,1147
5917,A,0,7038
5918,B,0,3472
5919,B,0,1113
5920,B,0,1440
5921,A,0,1048
5922,A,0,12069
5923,A,0,0
5924,A,0,3828
5925,B,0,0
5926,A,0,7890
5927,B,0,0
5928,A,0,1686
5929,A,0,1039
5930,A,0,3000
5931,B,0,1352
5932,B,0,0
5933,B,0,2982
5934,A,0,0
5935,A,0,12840
5936,A,0,968
5937,A,0,802
5938,A,0,0
5939,A,0,0
5940,A,0,2672
5941,A,0,0
5942,A,0,4791
5943,A,0,0
5944,A,0,1476
5945,B,0,9114
5946,A,0,6200
5947,A,0,4344
5948,A,0,4280
5949,B,0,0
5950,B,0,2876
5951,A,0,6900
5952,A,0,0
5953,A,0,3624
5954,A,0,824
5955,A,0,0
5956,A,0,2540
5957,A,0,0
5958,A,0,1642
5959,B,0,1241
5960,B,0,6504
5961,B,0,1077
5962,B,0,1254
5963,B,0,2308
5964,B,0,1183
5965,A,0,3132
5966,B,0,2196
5967,A,0,1475
5968,A,0,1818
5969,B,0,1744
5970,B,0,9947
5971,B,0,1219
5972,A,0,0
5973,B,0,4004
5974,B,0,5104
5975,A,0,0
5976,A,0,1382
5977,A,0,4945
5978,A,0,0
5979,B,0,6760
5980,B,0,0
5981,B,0,0
5982,B,0,3606
5983,A,0,4256
5984,A,0,2096
5985,A,0,2304
5986,B,0,2448
5987,A,0,1045
5988,B,0,4910
5989,B,0,3222
5990,B,0,2948
5991,A,0,0
5992,A,0,2488
5993,A,0,0
5994,A,0,1154
5995,B,0,1170
5996,A,0,1505
5997,B,0,5728
5998,A,0,8502
5999,B,0,3513
