exposure_id,user_id,variant,day
0,1,A,1
1,3,B,2
2,4,A,1
3,5,A,0
4,6,B,2
5,8,B,2
6,9,A,1
7,11,A,1
8,12,B,2
9,13,A,2
10,14,A,2
11,15,A,1
12,17,B,1
13,20,A,0
14,21,B,2
15,22,A,1
16,25,B,1
17,26,B,0
18,27,B,0
19,29,B,1
20,32,A,1
21,33,A,1
22,34,B,1
23,35,B,2
24,36,A,1
25,37,B,1
26,38,B,0
27,40,B,2
28,43,B,1
29,44,B,2
30,45,A,0
31,46,A,2
32,48,A,2
33,49,A,1
34,50,A,0
35,51,A,1
36,55,A,1
37,60,A,0
38,61,B,0
39,62,A,0
40,65,B,1
41,66,B,2
42,67,B,1
43,68,A,2
44,70,A,0
45,71,A,1
46,72,A,0
47,73,A,2
48,74,A,1
49,75,A,1
50,76,A,1
51,77,B,1
52,79,A,2
53,80,A,2
54,81,B,0
55,83,A,2
56,84,A,1
57,85,A,0
58,86,A,1
59,87,B,1
60,89,A,2
61,90,A,2
62,92,A,0
63,95,B,1
64,96,B,0
65,99,B,2
66,100,A,0
67,101,A,2
68,103,A,0
69,104,A,2
70,105,A,2
71,106,A,0
72,107,A,1
73,108,A,0
74,109,A,2
75,111,B,0
76,112,A,1
77,114,B,0
78,116,B,0
79,118,B,2
80,119,A,2
81,120,A,2
82,122,B,1
83,123,B,2
84,124,A,2
85,125,B,1
86,127,B,2
87,128,A,0
88,129,A,2
89,130,B,2
90,131,B,1
91,132,B,0
92,133,A,2
93,134,A,1
94,137,A,0
95,139,B,0
96,141,B,2
97,143,B,1
98,144,B,2
99,145,A,2
100,146,B,1
101,147,B,1
102,149,A,1
103,152,A,2
104,156,A,0
105,157,A,2
106,158,A,2
107,159,B,0
108,160,B,2
109,161,B,0
110,164,A,0
111,166,B,2
112,168,A,0
113,169,B,0
114,170,A,2
115,172,A,1
116,173,B,0
117,174,B,1
118,175,A,0
119,176,A,2
120,177,A,2
121,179,A,2
122,180,B,0
123,181,B,1
124,182,A,0
125,183,B,0
126,186,A,0
127,188,B,1
128,189,A,0
129,190,B,2
130,191,A,1
131,192,A,0
132,193,B,1
133,195,A,2
134,197,A,2
135,200,A,2
136,201,A,1
137,203,A,1
138,204,A,1
139,205,B,1
140,206,A,0
141,209,B,2
142,213,B,0
143,214,B,0
144,217,A,1
145,220,A,1
146,221,A,0
147,222,A,2
148,223,A,2
149,224,B,0
150,225,A,1
151,226,A,1
152,229,B,1
153,230,A,0
154,231,A,1
155,234,B,2
156,235,A,2
157,237,B,1
158,238,B,1
159,239,B,0
160,240,B,2
161,242,A,0
162,244,A,0
163,245,A,1
164,246,A,0
165,249,B,1
166,250,B,1
167,251,B,1
168,253,B,1
169,254,B,0
170,258,A,2
171,260,A,2
172,261,A,0
173,264,A,0
174,265,A,0
175,266,A,0
176,267,A,0
177,269,A,0
178,271,A,2
179,272,A,2
180,274,A,1
181,275,B,2
182,279,B,0
183,280,A,0
184,282,B,2
185,283,B,1
186,284,A,1
187,287,B,2
188,288,A,2
189,289,B,0
190,292,B,1
191,293,B,2
192,294,B,2
193,295,A,0
194,301,B,2
195,303,A,2
196,304,B,2
197,307,B,1
198,309,A,1
199,311,B,1
200,312,B,1
201,313,A,0
202,314,B,2
203,316,A,0
204,318,A,2
205,319,B,2
206,321,B,0
207,323,A,1
208,324,B,2
209,325,A,0
210,328,A,2
211,331,A,2
212,335,B,0
213,337,A,2
214,338,A,0
215,341,B,0
216,343,A,2
217,345,B,1
218,346,B,0
219,348,B,0
220,349,B,1
221,351,A,2
222,352,B,1
223,356,A,2
224,357,B,1
225,358,A,2
226,360,B,0
227,362,A,2
228,363,A,1
229,364,B,1
230,366,A,2
231,368,B,1
232,372,A,1
233,373,A,0
234,376,A,2
235,378,B,2
236,379,A,1
237,381,B,1
238,382,A,0
239,385,A,1
240,387,B,2
241,388,A,0
242,389,B,1
243,391,B,2
244,393,B,1
245,394,A,1
246,395,B,1
247,397,A,0
248,398,B,2
249,399,A,1
250,401,B,1
251,402,B,1
252,403,A,0
253,404,B,2
254,405,A,2
255,406,B,1
256,407,A,1
257,408,A,1
258,410,A,0
259,412,A,0
260,414,B,1
261,415,A,0
262,416,B,2
263,417,B,1
264,418,B,1
265,420,A,2
266,422,B,1
267,423,B,1
268,424,B,0
269,426,A,0
270,430,B,0
271,433,B,2
272,434,B,0
273,435,B,2
274,436,B,2
275,437,A,1
276,438,A,2
277,439,B,2
278,440,A,2
279,441,B,1
280,443,B,1
281,444,B,0
282,445,A,2
283,446,A,2
284,447,B,0
285,449,B,1
286,450,A,2
287,453,A,0
288,454,B,0
289,457,B,0
290,458,B,0
291,459,A,0
292,461,A,1
293,462,B,2
294,465,A,2
295,466,B,1
296,468,A,0
297,469,A,2
298,470,A,1
299,474,A,2
300,476,B,0
301,477,B,1
302,478,A,0
303,480,B,1
304,482,B,2
305,483,A,0
306,484,B,2
307,485,A,2
308,488,B,2
309,490,A,2
310,492,B,1
311,493,A,2
312,494,B,1
313,495,A,0
314,497,B,2
315,498,A,0
316,499,B,0
317,501,A,1
318,502,B,1
319,504,A,2
320,505,B,1
321,506,B,2
322,507,A,2
323,508,A,2
324,509,B,0
325,511,B,0
326,513,A,0
327,515,B,1
328,517,A,2
329,518,B,0
330,520,A,2
331,521,A,1
332,527,B,2
333,528,A,1
334,529,B,2
335,531,A,0
336,533,B,0
337,534,B,1
338,535,B,0
339,538,A,1
340,539,B,1
341,541,A,1
342,542,B,0
343,546,A,1
344,549,B,2
345,552,B,2
346,553,A,0
347,554,B,2
348,555,B,0
349,556,B,1
350,557,A,1
351,559,A,2
352,560,B,0
353,561,A,2
354,564,A,2
355,565,B,0
356,568,A,1
357,570,A,0
358,571,B,2
359,572,A,1
360,573,A,0
361,575,B,0
362,576,B,1
363,577,A,1
364,578,B,2
365,581,A,2
366,582,B,1
367,584,A,2
368,585,B,2
369,586,A,1
370,588,A,1
371,590,B,0
372,591,A,2
373,594,B,0
374,595,A,1
375,596,A,2
376,598,A,1
377,599,A,2
378,600,A,1
379,601,B,1
380,602,B,1
381,603,A,1
382,604,B,2
383,607,A,2
384,609,B,1
385,610,B,0
386,611,B,0
387,612,B,2
388,614,A,2
389,615,B,2
390,616,A,0
391,618,B,2
392,619,B,0
393,620,B,2
394,622,A,1
395,625,B,2
396,627,B,1
397,628,A,2
398,629,B,2
399,632,A,0
400,633,B,2
401,635,B,0
402,636,A,2
403,637,A,2
404,638,A,2
405,640,B,1
406,641,A,0
407,642,A,1
408,645,A,0
409,651,A,2
410,653,B,0
411,654,B,1
412,655,A,2
413,656,B,2
414,658,A,1
415,660,B,1
416,666,B,0
417,668,A,0
418,669,A,2
419,671,A,0
420,672,B,2
421,674,B,0
422,676,A,0
423,677,A,1
424,678,A,1
425,679,A,1
426,681,A,2
427,682,A,1
428,683,B,2
429,685,B,0
430,687,B,0
431,688,B,1
432,695,B,0
433,697,A,1
434,698,A,2
435,699,B,0
436,700,A,0
437,703,A,2
438,704,A,1
439,707,B,2
440,708,A,2
441,710,B,2
442,711,B,1
443,712,B,0
444,715,A,0
445,718,B,1
446,719,A,1
447,721,B,2
448,722,A,1
449,724,A,0
450,725,A,2
451,726,A,0
452,727,B,0
453,728,B,1
454,729,A,1
455,731,B,2
456,732,B,1
457,733,A,1
458,735,A,0
459,736,A,2
460,737,B,2
461,738,A,0
462,740,A,0
463,741,B,2
464,742,A,1
465,743,B,2
466,744,A,1
467,745,B,2
468,746,B,1
469,747,B,2
470,749,B,1
471,751,B,0
472,752,B,1
473,753,A,2
474,754,B,2
475,755,A,0
476,758,A,0
477,760,B,0
478,761,B,0
479,762,A,0
480,763,A,2
481,764,A,1
482,765,A,1
483,766,B,2
484,767,B,1
485,770,B,1
486,773,A,2
487,774,B,1
488,777,A,0
489,780,A,1
490,782,A,0
491,783,A,1
492,784,A,0
493,786,B,2
494,787,A,1
495,792,A,2
496,793,A,0
497,794,B,0
498,795,B,0
499,796,B,0
500,797,B,2
501,799,B,1
502,800,A,1
503,802,A,1
504,803,A,1
505,804,B,1
506,805,B,1
507,807,A,1
508,808,B,2
509,809,A,1
510,811,A,1
511,812,B,0
512,815,B,1
513,816,A,2
514,818,A,1
515,820,B,0
516,821,B,1
517,822,A,2
518,823,A,1
519,824,B,0
520,825,B,1
521,826,B,1
522,827,B,0
523,828,B,1
524,830,B,1
525,832,B,0
526,833,A,1
527,834,A,2
528,835,A,1
529,837,A,0
530,839,A,0
531,841,A,2
532,842,B,0
533,843,A,2
534,844,A,0
535,846,B,1
536,847,B,2
537,848,A,0
538,850,A,1
539,852,B,2
540,853,A,2
541,854,B,1
542,855,A,0
543,856,B,0
544,857,B,1
545,858,A,0
546,860,A,1
547,861,B,0
548,863,A,2
549,866,A,0
550,869,A,0
551,870,B,0
552,871,A,0
553,872,B,2
554,873,B,0
555,874,B,2
556,876,A,2
557,878,B,0
558,879,B,1
559,881,B,0
560,882,B,1
561,883,B,2
562,884,B,2
563,887,B,0
564,888,A,2
565,889,A,2
566,890,B,2
567,891,A,2
568,893,A,0
569,894,A,2
570,895,A,0
571,897,B,0
572,900,B,1
573,901,B,1
574,903,B,1
575,905,A,0
576,906,B,0
577,907,B,2
578,908,A,2
579,910,B,2
580,912,A,1
581,913,A,0
582,914,B,2
583,919,A,0
584,920,A,1
585,922,A,1
586,923,B,1
587,926,A,2
588,929,B,1
589,931,A,1
590,932,B,0
591,933,A,2
592,934,B,1
593,935,A,1
594,936,B,0
595,937,B,1
596,938,A,0
597,939,B,0
598,940,B,1
599,942,B,1
600,943,A,0
601,944,B,1
602,946,B,2
603,947,B,2
604,949,B,2
605,950,B,1
606,952,B,1
607,953,B,0
608,954,B,1
609,955,B,0
610,958,A,2
611,959,A,1
612,962,B,2
613,963,B,2
614,965,B,0
615,967,A,2
616,969,B,2
617,970,B,1
618,971,B,1
619,974,B,0
620,976,B,0
621,979,B,2
622,981,A,1
623,982,A,1
624,983,A,0
625,984,B,1
626,985,B,1
627,986,A,0
628,988,B,0
629,991,B,0
630,992,A,1
631,993,B,2
632,994,A,1
633,997,A,1
634,999,A,2
635,1000,B,1
636,1001,B,0
637,1002,A,2
638,1003,B,2
639,1004,B,2
640,1008,B,0
641,1009,A,2
642,1011,B,0
643,1014,B,0
644,1015,A,1
645,1016,A,2
646,1017,B,2
647,1019,B,2
648,1022,B,1
649,1028,A,2
650,1029,B,2
651,1030,B,0
652,1033,B,0
653,1034,B,2
654,1037,A,0
655,1038,B,1
656,1040,B,2
657,1041,B,2
658,1042,B,0
659,1043,A,0
660,1045,A,1
661,1046,B,1
662,1049,B,1
663,1050,B,0
664,1051,A,1
665,1056,A,1
666,1058,B,0
667,1059,A,2
668,1060,A,1
669,1061,A,2
670,1062,B,2
671,1064,A,1
672,1068,A,1
673,1071,B,2
674,1075,B,0
675,1077,B,2
676,1079,A,1
677,1082,B,1
678,1083,B,0
679,1084,B,2
680,1085,B,0
681,1087,B,2
682,1088,A,2
683,1090,A,1
684,1095,A,1
685,1097,A,1
686,1098,B,0
687,1099,B,0
688,1100,A,0
689,1101,B,0
690,1103,B,1
691,1104,A,0
692,1106,A,1
693,1107,B,1
694,1108,A,1
695,1109,B,1
696,1110,A,1
697,1111,A,1
698,1112,B,1
699,1113,A,2
700,1115,B,0
701,1116,B,0
702,1117,B,0
703,1122,B,0
704,1123,A,1
705,1126,A,1
706,1128,A,1
707,1129,A,0
708,1132,B,2
709,1135,A,1
710,1138,B,2
711,1141,A,2
712,1142,B,1
713,1143,B,2
714,1144,A,0
715,1145,B,2
716,1146,A,1
717,1147,B,0
718,1148,A,0
719,1150,A,1
720,1152,B,2
721,1153,A,0
722,1157,B,2
723,1159,B,0
724,1160,B,2
725,1161,A,2
726,1164,B,0
727,1165,A,1
728,1166,B,2
729,1167,B,0
730,1169,A,0
731,1172,B,2
732,1175,A,1
733,1177,B,1
734,1178,A,0
735,1179,A,1
736,1181,B,1
737,1182,A,1
738,1183,A,2
739,1184,B,1
740,1185,A,1
741,1188,B,0
742,1189,A,1
743,1192,B,0
744,1194,B,1
745,1195,A,0
746,1196,A,2
747,1197,B,0
748,1198,B,1
749,1199,A,1
750,1200,B,2
751,1201,B,0
752,1202,B,2
753,1204,A,2
754,1207,B,2
755,1208,A,0
756,1209,A,0
757,1210,B,1
758,1211,A,2
759,1213,B,1
760,1214,A,1
761,1216,A,0
762,1217,B,2
763,1218,A,1
764,1219,A,0
765,1220,A,1
766,1221,B,1
767,1222,A,1
768,1223,A,1
769,1225,B,0
770,1227,B,2
771,1229,B,1
772,1231,B,2
773,1232,A,2
774,1233,B,1
775,1234,A,1
776,1235,A,1
777,1236,A,0
778,1237,B,1
779,1239,B,2
780,1240,A,2
781,1242,A,2
782,1243,B,0
783,1244,A,1
784,1245,A,2
785,1246,A,1
786,1247,A,2
787,1248,B,2
788,1249,B,0
789,1250,A,0
790,1252,A,0
791,1253,B,0
792,1255,B,0
793,1256,B,1
794,1257,A,0
795,1258,B,1
796,1262,A,1
797,1264,B,2
798,1265,B,2
799,1266,A,1
800,1267,A,1
801,1268,A,2
802,1269,B,0
803,1271,B,1
804,1273,B,2
805,1274,A,2
806,1276,B,1
807,1281,B,2
808,1282,B,0
809,1284,A,0
810,1285,B,0
811,1286,A,1
812,1287,A,1
813,1288,B,0
814,1289,A,2
815,1290,A,1
816,1291,B,1
817,1292,B,1
818,1293,B,0
819,1294,A,2
820,1296,A,0
821,1298,A,1
822,1299,B,0
823,1300,B,2
824,1301,A,2
825,1304,B,0
826,1305,A,0
827,1306,B,0
828,1307,B,0
829,1312,A,1
830,1313,B,1
831,1314,B,2
832,1315,A,0
833,1316,B,1
834,1317,B,2
835,1321,B,0
836,1323,A,1
837,1324,A,1
838,1325,A,1
839,1327,B,0
840,1329,A,0
841,1330,A,1
842,1331,B,2
843,1333,B,0
844,1335,B,2
845,1336,B,1
846,1339,A,2
847,1340,B,0
848,1341,B,1
849,1342,A,2
850,1343,A,2
851,1344,A,1
852,1345,B,1
853,1346,B,2
854,1347,B,1
855,1348,B,0
856,1349,A,1
857,1351,A,2
858,1352,A,2
859,1353,B,1
860,1358,A,1
861,1363,B,0
862,1364,A,1
863,1365,A,1
864,1366,B,1
865,1367,A,1
866,1368,B,0
867,1369,B,0
868,1370,A,2
869,1371,A,1
870,1373,B,2
871,1374,A,1
872,1375,B,2
873,1376,A,0
874,1377,A,2
875,1378,A,0
876,1379,A,1
877,1380,A,2
878,1383,B,0
879,1384,B,2
880,1386,B,1
881,1388,A,2
882,1394,B,1
883,1395,B,0
884,1397,A,1
885,1398,B,1
886,1399,B,1
887,1400,B,0
888,1401,A,1
889,1402,A,2
890,1403,A,2
891,1405,A,1
892,1406,A,1
893,1407,B,2
894,1408,B,0
895,1412,A,0
896,1413,A,1
897,1415,A,2
898,1416,A,2
899,1417,B,0
900,1419,A,0
901,1420,B,2
902,1421,B,1
903,1422,B,0
904,1423,A,1
905,1424,B,0
906,1425,A,0
907,1426,A,1
908,1427,A,0
909,1428,B,1
910,1430,B,1
911,1431,A,0
912,1432,A,2
913,1436,A,2
914,1438,B,1
915,1441,B,0
916,1443,A,2
917,1444,A,2
918,1445,B,1
919,1446,A,2
920,1448,B,2
921,1451,A,0
922,1452,A,2
923,1454,A,1
924,1460,B,2
925,1462,A,2
926,1463,B,0
927,1464,B,0
928,1466,A,0
929,1467,B,2
930,1470,B,1
931,1471,A,0
932,1472,B,1
933,1473,A,0
934,1476,A,2
935,1477,B,0
936,1478,A,1
937,1479,A,2
938,1481,A,2
939,1483,B,2
940,1484,A,2
941,1489,A,1
942,1490,B,0
943,1491,B,0
944,1492,B,1
945,1496,A,1
946,1497,A,1
947,1498,B,2
948,1499,A,2
949,1500,B,1
950,1501,B,2
951,1502,B,2
952,1503,B,2
953,1504,B,1
954,1505,A,1
955,1507,B,0
956,1508,A,0
957,1510,A,1
958,1511,A,2
959,1513,B,1
960,1515,B,1
961,1518,A,1
962,1520,A,2
963,1521,B,2
964,1523,B,0
965,1524,A,0
966,1527,A,2
967,1528,A,2
968,1529,A,2
969,1530,A,1
970,1531,A,2
971,1536,B,1
972,1537,A,0
973,1538,B,1
974,1539,A,2
975,1540,A,1
976,1543,A,1
977,1545,B,2
978,1546,B,0
979,1547,A,1
980,1548,A,0
981,1551,B,2
982,1552,A,1
983,1553,A,2
984,1557,A,0
985,1558,B,2
986,1561,B,2
987,1562,A,0
988,1563,B,0
989,1566,B,1
990,1568,B,0
991,1569,A,0
992,1570,B,2
993,1571,B,0
994,1572,B,0
995,1573,B,0
996,1576,A,2
997,1577,A,1
998,1578,B,0
999,1579,A,2
1000,1580,A,1
1001,1581,B,2
1002,1583,B,1
1003,1585,B,1
1004,1587,A,0
1005,1589,A,1
1006,1591,B,2
1007,1592,B,1
1008,1593,A,2
1009,1594,B,1
1010,1595,B,1
1011,1597,B,2
1012,1599,A,2
1013,1600,B,1
1014,1601,B,1
1015,1603,A,1
1016,1605,B,0
1017,1606,A,0
1018,1607,B,1
1019,1608,B,0
1020,1609,B,2
1021,1610,A,0
1022,1611,A,0
1023,1612,A,2
1024,1613,B,0
1025,1615,A,0
1026,1616,A,1
1027,1617,A,0
1028,1618,B,1
1029,1621,A,2
1030,1622,B,1
1031,1623,A,1
1032,1624,A,0
1033,1625,A,1
1034,1626,A,1
1035,1627,B,2
1036,1628,A,2
1037,1631,A,2
1038,1632,A,0
1039,1634,B,1
1040,1635,A,0
1041,1636,B,2
1042,1639,A,2
1043,1642,B,0
1044,1643,A,1
1045,1644,B,1
1046,1647,B,0
1047,1648,B,2
1048,1649,B,2
1049,1652,A,2
1050,1654,A,2
1051,1657,B,1
1052,1658,A,1
1053,1659,A,1
1054,1660,A,2
1055,1661,A,2
1056,1663,A,1
1057,1664,A,1
1058,1667,A,2
1059,1668,B,2
1060,1672,B,0
1061,1673,B,0
1062,1675,A,1
1063,1677,B,0
1064,1678,B,0
1065,1679,A,2
1066,1680,B,2
1067,1681,A,0
1068,1684,A,0
1069,1685,A,2
1070,1686,A,1
1071,1687,A,0
1072,1689,A,1
1073,1690,B,1
1074,1691,A,0
1075,1692,A,0
1076,1693,A,1
1077,1696,A,2
1078,1698,A,2
1079,1699,B,1
1080,1700,B,1
1081,1701,A,1
1082,1702,A,0
1083,1703,A,0
1084,1704,B,0
1085,1705,A,2
1086,1706,A,1
1087,1710,B,2
1088,1711,B,1
1089,1713,A,1
1090,1714,B,1
1091,1716,B,0
1092,1717,B,2
1093,1720,B,2
1094,1721,B,1
1095,1722,B,1
1096,1724,B,1
1097,1725,A,0
1098,1727,B,0
1099,1729,B,0
1100,1730,B,2
1101,1732,B,0
1102,1733,A,0
1103,1735,A,1
1104,1736,A,2
1105,1737,B,0
1106,1738,B,0
1107,1741,B,0
1108,1742,B,1
1109,1743,B,2
1110,1744,A,1
1111,1749,A,0
1112,1750,B,1
1113,1751,A,1
1114,1752,B,0
1115,1753,B,0
1116,1756,B,1
1117,1759,A,1
1118,1761,B,2
1119,1762,A,0
1120,1763,A,2
1121,1764,B,0
1122,1765,A,0
1123,1766,A,2
1124,1767,A,2
1125,1768,A,1
1126,1769,B,1
1127,1771,B,0
1128,1772,B,2
1129,1773,A,2
1130,1774,A,1
1131,1775,B,2
1132,1776,B,0
1133,1777,A,0
1134,1779,A,0
1135,1780,A,0
1136,1782,A,1
1137,1783,A,1
1138,1785,B,1
1139,1788,A,2
1140,1789,B,2
1141,1790,B,0
1142,1793,A,2
1143,1795,B,1
1144,1797,A,0
1145,1798,B,0
1146,1799,B,2
1147,1801,A,1
1148,1802,B,0
1149,1803,A,0
1150,1804,A,1
1151,1805,A,1
1152,1807,B,0
1153,1810,A,0
1154,1812,A,0
1155,1813,B,0
1156,1815,B,2
1157,1816,B,0
1158,1820,B,0
1159,1821,B,0
1160,1822,B,0
1161,1823,B,0
1162,1824,A,1
1163,1825,B,2
1164,1826,A,2
1165,1827,A,1
1166,1828,B,0
1167,1829,A,1
1168,1830,A,2
1169,1831,A,0
1170,1832,A,2
1171,1833,B,1
1172,1835,A,1
1173,1837,B,1
1174,1838,A,2
1175,1840,B,2
1176,1841,A,0
1177,1842,A,1
1178,1843,A,1
1179,1844,A,1
1180,1846,B,1
1181,1848,B,0
1182,1851,A,0
1183,1852,A,0
1184,1853,A,1
1185,1854,A,1
1186,1855,A,2
1187,1858,B,0
1188,1859,A,2
1189,1861,A,2
1190,1865,A,1
1191,1866,B,1
1192,1868,B,0
1193,1870,B,1
1194,1873,B,1
1195,1874,B,0
1196,1875,B,2
1197,1877,A,1
1198,1879,A,0
1199,1880,B,1
1200,1882,B,2
1201,1883,A,2
1202,1884,A,2
1203,1887,A,1
1204,1888,A,1
1205,1890,B,2
1206,1891,A,0
1207,1894,B,2
1208,1895,A,2
1209,1897,A,1
1210,1898,B,1
1211,1902,A,0
1212,1904,B,2
1213,1905,A,2
1214,1907,B,1
1215,1908,A,1
1216,1910,A,0
1217,1915,B,2
1218,1916,A,1
1219,1917,A,2
1220,1918,A,0
1221,1919,B,1
1222,1920,A,0
1223,1921,B,1
1224,1922,A,1
1225,1923,B,2
1226,1926,A,2
1227,1927,B,0
1228,1928,A,0
1229,1929,A,2
1230,1930,A,0
1231,1931,A,1
1232,1932,A,2
1233,1933,B,1
1234,1934,B,0
1235,1936,B,1
1236,1937,A,1
1237,1938,B,2
1238,1939,B,0
1239,1940,B,1
1240,1941,A,0
1241,1942,A,0
1242,1943,B,1
1243,1946,A,1
1244,1947,B,0
1245,1948,B,2
1246,1950,B,2
1247,1951,A,1
1248,1953,B,1
1249,1954,A,1
1250,1956,A,1
1251,1959,A,2
1252,1963,B,2
1253,1964,B,1
1254,1965,B,1
1255,1966,B,0
1256,1967,A,0
1257,1969,A,2
1258,1970,A,2
1259,1971,A,2
1260,1972,A,0
1261,1974,A,1
1262,1975,A,1
1263,1979,A,1
1264,1980,B,2
1265,1981,B,2
1266,1982,B,0
1267,1984,A,0
1268,1985,B,0
1269,1986,B,1
1270,1989,A,1
1271,1990,A,0
1272,1992,A,1
1273,1993,A,2
1274,1997,B,0
1275,1998,A,0
1276,2000,A,1
1277,2003,B,0
1278,2004,A,2
1279,2005,B,2
1280,2007,A,2
1281,2008,A,1
1282,2009,B,2
1283,2010,B,1
1284,2013,A,0
1285,2014,B,2
1286,2015,A,0
1287,2017,B,0
1288,2019,B,0
1289,2020,B,2
1290,2021,A,1
1291,2022,A,2
1292,2023,A,0
1293,2024,B,1
1294,2025,A,0
1295,2027,B,0
1296,2028,A,0
1297,2029,B,2
1298,2030,B,0
1299,2031,A,1
1300,2035,A,1
1301,2036,B,2
1302,2037,B,1
1303,2040,A,0
1304,2041,B,0
1305,2042,A,0
1306,2043,A,1
1307,2045,A,1
1308,2047,A,2
1309,2051,B,1
1310,2059,B,0
1311,2060,A,1
1312,2062,A,0
1313,2063,B,1
1314,2065,A,2
1315,2066,A,0
1316,2067,A,2
1317,2068,A,1
1318,2070,A,1
1319,2071,B,2
1320,2072,B,2
1321,2074,B,1
1322,2075,A,2
1323,2076,A,2
1324,2077,B,0
1325,2078,A,0
1326,2079,B,1
1327,2080,B,1
1328,2081,A,1
1329,2082,A,0
1330,2083,A,0
1331,2084,B,0
1332,2085,A,0
1333,2086,A,1
1334,2087,B,0
1335,2088,B,2
1336,2089,B,1
1337,2090,B,1
1338,2091,B,0
1339,2093,B,1
1340,2094,A,2
1341,2097,A,2
1342,2098,A,0
1343,2100,B,2
1344,2102,B,2
1345,2103,A,2
1346,2104,A,1
1347,2105,B,2
1348,2106,A,1
1349,2109,A,0
1350,2110,B,1
1351,2111,A,1
1352,2112,A,0
1353,2113,A,2
1354,2115,B,0
1355,2116,A,1
1356,2117,B,1
1357,2118,A,0
1358,2119,A,2
1359,2120,A,0
1360,2121,B,1
1361,2124,B,1
1362,2128,B,2
1363,2131,B,0
1364,2132,B,1
1365,2134,A,0
1366,2136,B,0
1367,2138,B,0
1368,2139,A,1
1369,2142,A,1
1370,2145,A,1
1371,2146,B,0
1372,2147,B,0
1373,2148,B,0
1374,2149,B,0
1375,2150,A,0
1376,2151,A,1
1377,2152,A,0
1378,2153,A,0
1379,2154,B,2
1380,2156,A,1
1381,2157,B,2
1382,2158,A,2
1383,2159,B,0
1384,2160,B,0
1385,2161,B,0
1386,2162,A,0
1387,2163,A,2
1388,2164,B,2
1389,2165,A,2
1390,2166,A,2
1391,2168,B,2
1392,2169,B,0
1393,2171,B,1
1394,2172,B,0
1395,2173,A,2
1396,2174,A,0
1397,2178,A,2
1398,2181,B,1
1399,2182,A,1
1400,2184,B,2
1401,2185,B,2
1402,2186,B,0
1403,2187,B,1
1404,2190,B,1
1405,2191,A,2
1406,2192,A,0
1407,2193,A,0
1408,2195,A,1
1409,2196,B,1
1410,2198,B,0
1411,2199,A,1
1412,2200,B,2
1413,2202,B,0
1414,2203,B,2
1415,2204,A,2
1416,2205,B,1
1417,2206,B,1
1418,2207,B,1
1419,2208,B,0
1420,2209,B,2
1421,2211,B,2
1422,2212,B,2
1423,2213,B,0
1424,2214,A,2
1425,2215,A,0
1426,2216,B,0
1427,2218,B,0
1428,2219,B,1
1429,2220,B,2
1430,2222,A,2
1431,2223,A,1
1432,2224,A,2
1433,2225,A,2
1434,2226,B,2
1435,2228,A,2
1436,2229,A,2
1437,2231,B,1
1438,2233,B,0
1439,2234,B,2
1440,2235,B,0
1441,2237,A,2
1442,2240,B,0
1443,2241,A,2
1444,2242,B,2
1445,2243,A,0
1446,2244,A,2
1447,2245,A,1
1448,2247,B,0
1449,2250,A,0
1450,2252,A,2
1451,2253,A,2
1452,2254,B,2
1453,2256,B,2
1454,2260,A,2
1455,2261,A,0
1456,2262,A,0
1457,2264,B,0
1458,2265,B,0
1459,2266,A,2
1460,2267,B,1
1461,2268,B,0
1462,2269,A,2
1463,2271,A,2
1464,2272,B,2
1465,2273,B,2
1466,2275,A,0
1467,2277,A,1
1468,2279,A,0
1469,2280,B,2
1470,2282,B,1
1471,2285,A,1
1472,2287,B,2
1473,2289,A,1
1474,2291,B,0
1475,2292,B,2
1476,2293,A,2
1477,2294,B,1
1478,2295,A,0
1479,2297,A,2
1480,2299,A,0
1481,2300,B,0
1482,2301,B,2
1483,2302,A,1
1484,2303,B,1
1485,2304,B,1
1486,2306,A,2
1487,2307,A,0
1488,2308,A,0
1489,2309,A,2
1490,2310,A,0
1491,2312,A,1
1492,2314,B,2
1493,2316,A,1
1494,2319,B,1
1495,2320,A,1
1496,2321,B,1
1497,2322,B,2
1498,2325,A,1
1499,2328,A,2
1500,2331,B,0
1501,2332,B,0
1502,2333,B,2
1503,2335,B,2
1504,2337,A,1
1505,2340,B,1
1506,2341,B,1
1507,2343,A,1
1508,2344,A,0
1509,2346,A,0
1510,2347,B,2
1511,2349,A,2
1512,2352,A,2
1513,2354,B,2
1514,2356,A,1
1515,2357,B,1
1516,2358,A,0
1517,2359,A,1
1518,2360,B,1
1519,2361,A,2
1520,2362,B,0
1521,2365,A,2
1522,2367,B,0
1523,2369,B,1
1524,2371,B,1
1525,2372,A,2
1526,2374,B,2
1527,2375,A,2
1528,2376,A,1
1529,2378,A,0
1530,2379,B,1
1531,2380,A,1
1532,2382,B,1
1533,2383,B,0
1534,2385,A,2
1535,2386,B,2
1536,2387,A,1
1537,2388,A,0
1538,2389,A,0
1539,2390,A,0
1540,2393,B,1
1541,2394,B,1
1542,2395,A,1
1543,2396,B,0
1544,2397,B,1
1545,2400,B,2
1546,2401,B,0
1547,2402,A,0
1548,2403,A,2
1549,2404,B,2
1550,2405,A,0
1551,2407,B,1
1552,2408,B,1
1553,2414,B,1
1554,2418,A,1
1555,2419,A,0
1556,2421,B,2
1557,2424,B,0
1558,2425,B,2
1559,2426,B,2
1560,2427,A,0
1561,2428,B,1
1562,2429,A,2
1563,2430,B,2
1564,2431,A,1
1565,2432,B,2
1566,2433,A,0
1567,2435,B,1
1568,2436,A,2
1569,2437,A,0
1570,2440,B,2
1571,2441,A,2
1572,2442,A,2
1573,2444,A,1
1574,2445,A,0
1575,2450,A,1
1576,2452,A,0
1577,2453,A,2
1578,2454,A,1
1579,2455,A,1
1580,2457,A,1
1581,2459,A,2
1582,2460,A,1
1583,2461,A,1
1584,2462,A,1
1585,2464,B,1
1586,2467,A,2
1587,2471,A,2
1588,2472,A,0
1589,2473,B,1
1590,2474,B,2
1591,2475,B,2
1592,2476,A,2
1593,2478,A,0
1594,2479,A,1
1595,2480,B,2
1596,2481,B,0
1597,2484,A,1
1598,2485,B,1
1599,2488,A,1
1600,2489,A,1
1601,2491,A,2
1602,2492,B,1
1603,2493,A,2
1604,2494,B,0
1605,2495,A,1
1606,2496,B,1
1607,2497,B,2
1608,2498,B,0
1609,2499,B,2
1610,2501,B,2
1611,2502,B,2
1612,2503,B,1
1613,2506,A,0
1614,2508,A,2
1615,2509,A,1
1616,2510,A,0
1617,2511,B,1
1618,2513,A,1
1619,2514,B,2
1620,2515,A,2
1621,2517,A,2
1622,2518,B,1
1623,2519,A,0
1624,2520,A,2
1625,2521,B,0
1626,2523,B,0
1627,2524,A,1
1628,2525,A,1
1629,2526,A,2
1630,2527,B,0
1631,2528,B,0
1632,2529,B,1
1633,2530,B,2
1634,2532,A,1
1635,2533,A,2
1636,2534,B,0
1637,2535,B,1
1638,2536,B,2
1639,2538,B,2
1640,2539,B,0
1641,2541,A,0
1642,2544,A,2
1643,2545,A,1
1644,2546,B,2
1645,2547,A,2
1646,2548,B,2
1647,2550,A,0
1648,2554,A,0
1649,2556,A,0
1650,2558,A,0
1651,2561,A,2
1652,2563,A,2
1653,2564,B,2
1654,2566,B,0
1655,2567,B,2
1656,2568,B,1
1657,2569,B,0
1658,2571,A,0
1659,2572,B,0
1660,2574,B,2
1661,2578,B,1
1662,2579,A,1
1663,2580,A,0
1664,2581,B,0
1665,2582,B,1
1666,2583,A,0
1667,2586,A,2
1668,2588,B,1
1669,2589,B,1
1670,2590,A,1
1671,2591,A,1
1672,2592,B,2
1673,2596,A,0
1674,2597,A,1
1675,2598,A,1
1676,2599,A,0
1677,2600,B,1
1678,2601,A,1
1679,2602,B,1
1680,2603,A,0
1681,2607,A,2
1682,2608,B,0
1683,2610,B,2
1684,2613,A,0
1685,2614,A,1
1686,2615,A,1
1687,2616,A,2
1688,2617,B,0
1689,2618,A,1
1690,2620,A,0
1691,2621,B,2
1692,2622,B,2
1693,2624,B,1
1694,2625,B,1
1695,2626,A,2
1696,2630,A,0
1697,2631,B,0
1698,2633,A,2
1699,2634,A,2
1700,2635,A,2
1701,2637,B,1
1702,2638,B,2
1703,2639,B,1
1704,2642,B,2
1705,2643,B,2
1706,2646,A,1
1707,2649,A,1
1708,2650,B,0
1709,2651,A,1
1710,2653,B,0
1711,2654,A,0
1712,2656,A,1
1713,2658,B,0
1714,2659,B,2
1715,2660,A,2
1716,2661,A,2
1717,2662,B,1
1718,2664,B,2
1719,2666,A,0
1720,2668,A,0
1721,2669,A,1
1722,2670,A,0
1723,2672,A,0
1724,2673,A,0
1725,2676,B,1
1726,2678,B,2
1727,2680,A,2
1728,2681,A,1
1729,2682,A,2
1730,2684,B,2
1731,2685,B,0
1732,2687,A,2
1733,2689,B,1
1734,2691,A,1
1735,2692,A,2
1736,2693,B,1
1737,2694,A,2
1738,2695,A,1
1739,2696,A,1
1740,2697,A,2
1741,2698,B,1
1742,2699,B,1
1743,2700,B,1
1744,2701,A,2
1745,2702,B,2
1746,2703,B,1
1747,2704,A,0
1748,2705,A,0
1749,2706,B,0
1750,2707,A,0
1751,2710,A,2
1752,2712,A,0
1753,2714,B,2
1754,2715,A,2
1755,2716,A,1
1756,2718,A,1
1757,2721,B,0
1758,2722,A,2
1759,2724,A,1
1760,2725,A,2
1761,2726,B,2
1762,2733,A,0
1763,2734,B,0
1764,2735,B,0
1765,2736,A,0
1766,2737,A,1
1767,2740,A,2
1768,2741,A,2
1769,2742,A,2
1770,2743,A,1
1771,2744,B,2
1772,2745,B,0
1773,2746,A,1
1774,2748,B,0
1775,2750,B,0
1776,2752,B,2
1777,2753,B,0
1778,2754,B,1
1779,2755,A,0
1780,2756,B,1
1781,2761,A,2
1782,2762,B,0
1783,2763,B,2
1784,2765,B,2
1785,2767,A,1
1786,2769,A,2
1787,2770,A,2
1788,2771,A,2
1789,2772,A,0
1790,2774,A,0
1791,2775,B,1
1792,2776,A,1
1793,2778,B,1
1794,2780,A,1
1795,2783,B,1
1796,2788,B,1
1797,2792,B,0
1798,2793,B,2
1799,2795,A,0
1800,2797,B,0
1801,2799,A,1
1802,2800,B,1
1803,2801,A,1
1804,2803,B,1
1805,2805,A,0
1806,2808,A,1
1807,2810,A,0
1808,2811,A,0
1809,2812,A,0
1810,2813,B,1
1811,2816,A,2
1812,2818,A,1
1813,2820,B,2
1814,2821,B,0
1815,2822,B,1
1816,2825,B,2
1817,2826,B,0
1818,2827,A,1
1819,2828,B,2
1820,2829,A,0
1821,2830,A,0
1822,2831,A,1
1823,2832,A,0
1824,2833,A,1
1825,2834,A,2
1826,2835,B,2
1827,2836,B,1
1828,2837,B,0
1829,2838,A,1
1830,2839,A,2
1831,2840,A,0
1832,2841,B,2
1833,2843,B,1
1834,2844,B,0
1835,2846,A,1
1836,2847,B,2
1837,2848,A,2
1838,2849,B,0
1839,2850,B,1
1840,2851,A,1
1841,2853,A,1
1842,2854,B,1
1843,2855,B,2
1844,2856,A,2
1845,2857,A,1
1846,2858,B,1
1847,2860,B,0
1848,2861,B,2
1849,2862,B,1
1850,2864,B,1
1851,2865,B,2
1852,2866,B,0
1853,2871,A,0
1854,2872,A,0
1855,2873,B,0
1856,2874,A,1
1857,2875,B,2
1858,2876,B,0
1859,2877,B,0
1860,2879,A,1
1861,2880,B,1
1862,2881,A,1
1863,2884,B,0
1864,2885,A,2
1865,2888,A,2
1866,2890,B,2
1867,2891,B,2
1868,2894,A,1
1869,2895,B,0
1870,2897,B,1
1871,2899,A,2
1872,2901,A,2
1873,2902,B,1
1874,2904,A,1
1875,2905,B,1
1876,2907,B,1
1877,2908,B,1
1878,2909,B,0
1879,2910,A,2
1880,2911,B,1
1881,2914,A,2
1882,2917,B,1
1883,2918,A,2
1884,2919,B,0
1885,2920,B,1
1886,2922,B,0
1887,2924,A,1
1888,2926,A,0
1889,2930,A,1
1890,2931,B,0
1891,2933,A,1
1892,2934,B,0
1893,2935,B,0
1894,2936,B,0
1895,2937,B,0
1896,2938,A,0
1897,2939,A,0
1898,2941,B,2
1899,2944,B,1
1900,2945,B,0
1901,2947,A,1
1902,2948,A,0
1903,2949,A,2
1904,2951,B,2
1905,2952,A,1
1906,2954,A,1
1907,2955,A,0
1908,2956,A,1
1909,2957,B,1
1910,2958,A,1
1911,2959,A,0
1912,2960,B,2
1913,2962,A,2
1914,2963,A,0
1915,2964,B,1
1916,2965,A,0
1917,2966,B,2
1918,2967,B,1
1919,2968,B,0
1920,2969,A,2
1921,2971,B,1
1922,2972,B,0
1923,2974,A,1
1924,2975,B,1
1925,2976,B,1
1926,2977,A,1
1927,2978,A,1
1928,2980,A,1
1929,2982,B,0
1930,2983,B,1
1931,2986,B,0
1932,2987,A,1
1933,2990,B,1
1934,2991,A,1
1935,2996,A,1
1936,2997,B,0
1937,2998,A,2
1938,2999,B,0
1939,3001,A,1
1940,3002,B,2
1941,3003,B,0
1942,3006,A,1
1943,3007,B,1
1944,3008,A,0
1945,3009,B,2
1946,3012,B,2
1947,3013,B,0
1948,3016,B,2
1949,3017,B,2
1950,3018,A,0
1951,3019,B,2
1952,3020,B,0
1953,3022,B,1
1954,3023,A,2
1955,3025,A,0
1956,3026,B,0
1957,3027,B,1
1958,3028,B,0
1959,3029,B,2
1960,3032,A,2
1961,3034,B,1
1962,3035,A,0
1963,3036,B,2
1964,3038,B,1
1965,3040,B,1
1966,3041,A,1
1967,3043,B,1
1968,3044,A,2
1969,3047,B,0
1970,3048,A,1
1971,3050,B,2
1972,3051,B,0
1973,3052,A,0
1974,3053,B,0
1975,3054,A,0
1976,3056,B,0
1977,3058,B,1
1978,3059,B,1
1979,3060,B,1
1980,3062,A,1
1981,3066,A,0
1982,3067,B,0
1983,3068,B,0
1984,3069,A,2
1985,3070,A,0
1986,3072,B,0
1987,3073,B,0
1988,3074,A,2
1989,3075,A,0
1990,3077,A,2
1991,3078,B,2
1992,3079,A,1
1993,3080,A,2
1994,3081,B,0
1995,3082,B,0
1996,3083,B,2
1997,3092,A,2
1998,3096,A,0
1999,3097,A,0
2000,3099,A,0
2001,3100,A,2
2002,3102,B,0
2003,3107,A,0
2004,3108,B,2
2005,3109,A,1
2006,3110,B,0
2007,3111,B,0
2008,3113,B,2
2009,3115,A,2
2010,3116,A,0
2011,3117,B,1
2012,3120,A,2
2013,3121,B,0
2014,3122,B,1
2015,3123,B,1
2016,3127,B,0
2017,3128,B,0
2018,3129,A,2
2019,3130,A,0
2020,3132,B,1
2021,3133,A,0
2022,3134,A,0
2023,3136,A,1
2024,3137,B,1
2025,3139,B,2
2026,3140,B,1
2027,3141,A,2
2028,3142,B,2
2029,3145,A,2
2030,3148,B,2
2031,3149,B,0
2032,3151,A,1
2033,3152,B,0
2034,3153,A,2
2035,3159,A,1
2036,3160,B,2
2037,3162,A,1
2038,3164,B,1
2039,3167,A,1
2040,3168,B,2
2041,3170,A,2
2042,3171,B,2
2043,3173,A,1
2044,3176,A,0
2045,3177,A,2
2046,3178,A,1
2047,3179,A,0
2048,3180,A,0
2049,3182,B,2
2050,3184,B,1
2051,3185,A,0
2052,3188,A,1
2053,3189,B,1
2054,3193,A,0
2055,3195,A,0
2056,3197,A,0
2057,3198,B,0
2058,3199,A,2
2059,3200,B,2
2060,3201,B,0
2061,3202,B,1
2062,3204,B,2
2063,3205,A,1
2064,3209,A,1
2065,3210,B,1
2066,3214,B,0
2067,3215,A,1
2068,3216,B,0
2069,3217,A,1
2070,3218,A,0
2071,3220,A,0
2072,3222,A,2
2073,3224,B,1
2074,3225,A,2
2075,3226,A,2
2076,3228,A,0
2077,3229,A,0
2078,3231,B,1
2079,3233,B,1
2080,3234,B,1
2081,3235,A,2
2082,3237,A,2
2083,3238,B,2
2084,3240,A,2
2085,3241,B,2
2086,3242,B,2
2087,3245,B,0
2088,3246,B,0
2089,3248,B,0
2090,3249,B,0
2091,3250,B,0
2092,3251,A,2
2093,3252,B,0
2094,3253,A,2
2095,3255,B,1
2096,3256,B,0
2097,3257,B,2
2098,3258,A,1
2099,3259,A,1
2100,3260,B,1
2101,3261,B,2
2102,3269,A,2
2103,3271,A,2
2104,3272,B,1
2105,3274,A,2
2106,3277,B,2
2107,3278,B,1
2108,3279,B,0
2109,3280,A,2
2110,3281,A,0
2111,3282,A,1
2112,3284,B,1
2113,3285,A,2
2114,3286,A,1
2115,3288,A,2
2116,3289,A,0
2117,3290,B,1
2118,3294,B,1
2119,3296,A,2
2120,3297,B,0
2121,3298,B,2
2122,3299,A,0
2123,3301,A,2
2124,3303,A,2
2125,3308,A,1
2126,3311,B,1
2127,3312,A,1
2128,3314,B,2
2129,3315,A,0
2130,3316,B,2
2131,3317,A,2
2132,3318,B,0
2133,3319,B,2
2134,3320,A,0
2135,3322,B,1
2136,3323,A,1
2137,3324,B,2
2138,3325,A,1
2139,3328,A,2
2140,3329,A,1
2141,3330,B,1
2142,3331,B,2
2143,3332,A,0
2144,3333,A,2
2145,3334,A,1
2146,3335,A,0
2147,3338,A,2
2148,3339,A,2
2149,3340,A,2
2150,3344,B,0
2151,3346,A,2
2152,3349,B,0
2153,3350,A,2
2154,3351,B,1
2155,3353,A,2
2156,3354,B,1
2157,3356,B,0
2158,3358,A,2
2159,3359,A,1
2160,3361,B,2
2161,3362,B,0
2162,3363,A,2
2163,3366,B,0
2164,3368,A,0
2165,3370,B,2
2166,3373,A,1
2167,3374,A,2
2168,3375,B,0
2169,3376,A,2
2170,3377,A,0
2171,3378,A,0
2172,3380,A,1
2173,3381,B,0
2174,3382,B,0
2175,3383,B,0
2176,3385,A,1
2177,3386,A,1
2178,3387,B,0
2179,3388,B,0
2180,3389,A,1
2181,3392,A,2
2182,3394,A,1
2183,3395,A,2
2184,3397,A,0
2185,3398,B,2
2186,3400,B,1
2187,3401,B,0
2188,3402,A,2
2189,3404,A,2
2190,3405,A,2
2191,3406,B,0
2192,3407,B,2
2193,3408,B,0
2194,3409,A,0
2195,3410,A,2
2196,3411,B,0
2197,3412,A,1
2198,3413,A,1
2199,3414,B,0
2200,3415,B,2
2201,3416,B,1
2202,3417,A,1
2203,3419,B,1
2204,3421,B,2
2205,3422,A,2
2206,3423,B,0
2207,3424,A,0
2208,3426,B,0
2209,3427,B,1
2210,3429,A,0
2211,3430,A,2
2212,3431,B,1
2213,3432,B,2
2214,3434,A,0
2215,3436,A,1
2216,3437,B,2
2217,3438,B,0
2218,3439,B,1
2219,3441,B,1
2220,3442,A,2
2221,3443,B,2
2222,3444,B,2
2223,3445,A,1
2224,3446,A,0
2225,3447,B,1
2226,3449,A,2
2227,3451,B,2
2228,3452,B,2
2229,3454,B,0
2230,3456,B,0
2231,3458,B,1
2232,3459,A,1
2233,3460,A,0
2234,3463,A,2
2235,3464,B,2
2236,3466,A,1
2237,3468,A,0
2238,3469,B,0
2239,3470,A,2
2240,3471,A,0
2241,3475,B,0
2242,3477,A,2
2243,3478,B,1
2244,3479,B,1
2245,3480,A,2
2246,3485,B,0
2247,3486,B,1
2248,3487,B,1
2249,3489,B,0
2250,3490,B,1
2251,3495,B,2
2252,3499,B,2
2253,3500,A,1
2254,3501,B,0
2255,3502,A,2
2256,3503,A,0
2257,3504,A,1
2258,3506,B,2
2259,3510,B,2
2260,3513,A,2
2261,3516,A,1
2262,3517,A,1
2263,3519,B,2
2264,3521,A,2
2265,3522,A,1
2266,3523,B,1
2267,3527,A,1
2268,3530,A,2
2269,3531,A,1
2270,3532,A,0
2271,3535,B,1
2272,3536,A,2
2273,3537,A,1
2274,3539,B,0
2275,3540,A,0
2276,3541,B,2
2277,3542,A,1
2278,3544,B,2
2279,3545,B,0
2280,3546,B,2
2281,3547,B,0
2282,3549,B,0
2283,3550,A,0
2284,3552,A,1
2285,3553,B,2
2286,3554,B,2
2287,3555,B,1
2288,3557,A,1
2289,3560,A,1
2290,3565,A,0
2291,3566,A,1
2292,3567,B,1
2293,3568,A,1
2294,3569,A,2
2295,3572,B,0
2296,3573,A,1
2297,3574,B,1
2298,3575,A,2
2299,3576,A,2
2300,3577,B,2
2301,3580,A,0
2302,3581,A,1
2303,3583,B,0
2304,3584,A,2
2305,3585,B,2
2306,3587,B,1
2307,3589,B,1
2308,3590,A,1
2309,3591,B,2
2310,3592,A,1
2311,3593,A,2
2312,3594,A,1
2313,3597,B,0
2314,3598,B,2
2315,3600,A,0
2316,3601,B,2
2317,3603,B,1
2318,3604,A,1
2319,3605,A,0
2320,3606,B,2
2321,3607,A,2
2322,3608,A,2
2323,3610,A,1
2324,3611,B,1
2325,3612,A,0
2326,3614,A,1
2327,3615,A,1
2328,3616,A,2
2329,3617,A,1
2330,3618,A,2
2331,3622,A,2
2332,3624,A,0
2333,3625,B,0
2334,3626,B,2
2335,3627,B,2
2336,3630,A,1
2337,3631,B,0
2338,3632,A,0
2339,3634,B,0
2340,3638,B,2
2341,3639,A,1
2342,3640,B,2
2343,3642,A,1
2344,3643,A,1
2345,3644,B,1
2346,3645,A,1
2347,3646,B,0
2348,3647,A,2
2349,3649,B,0
2350,3650,B,2
2351,3652,B,2
2352,3654,B,2
2353,3655,A,0
2354,3656,B,1
2355,3659,A,2
2356,3662,A,2
2357,3663,A,1
2358,3665,B,0
2359,3667,B,0
2360,3668,B,1
2361,3670,A,2
2362,3671,A,1
2363,3673,B,0
2364,3675,A,2
2365,3676,B,2
2366,3677,A,1
2367,3678,B,2
2368,3679,B,2
2369,3680,A,1
2370,3681,A,0
2371,3684,A,2
2372,3685,B,0
2373,3687,B,0
2374,3689,A,0
2375,3690,A,1
2376,3694,A,2
2377,3695,A,2
2378,3696,A,0
2379,3697,B,0
2380,3699,B,1
2381,3700,A,1
2382,3702,B,2
2383,3703,B,2
2384,3705,A,2
2385,3706,B,2
2386,3707,B,0
2387,3710,A,0
2388,3712,A,0
2389,3713,A,0
2390,3716,A,0
2391,3718,B,1
2392,3723,A,0
2393,3724,B,0
2394,3725,A,2
2395,3728,A,1
2396,3729,A,2
2397,3730,A,2
2398,3731,B,1
2399,3732,A,1
2400,3733,A,2
2401,3735,B,1
2402,3736,A,0
2403,3737,A,2
2404,3738,B,2
2405,3739,B,1
2406,3740,A,2
2407,3742,B,0
2408,3743,B,1
2409,3744,B,2
2410,3745,A,0
2411,3746,A,0
2412,3747,B,1
2413,3749,B,1
2414,3750,A,0
2415,3752,B,2
2416,3753,B,1
2417,3755,B,0
2418,3756,A,2
2419,3757,A,2
2420,3758,B,2
2421,3759,B,2
2422,3761,B,0
2423,3762,B,2
2424,3763,A,1
2425,3767,A,0
2426,3768,A,0
2427,3770,A,0
2428,3775,A,0
2429,3778,B,2
2430,3779,B,0
2431,3780,A,2
2432,3781,A,1
2433,3782,A,0
2434,3785,A,2
2435,3787,A,1
2436,3790,A,2
2437,3792,B,1
2438,3793,B,0
2439,3794,B,1
2440,3796,B,0
2441,3797,B,2
2442,3798,B,0
2443,3800,B,1
2444,3801,A,1
2445,3804,B,0
2446,3805,B,2
2447,3806,B,1
2448,3807,A,0
2449,3809,B,1
2450,3813,B,2
2451,3817,B,0
2452,3818,A,0
2453,3819,B,0
2454,3820,B,2
2455,3824,A,2
2456,3827,B,2
2457,3828,B,0
2458,3829,B,2
2459,3830,A,0
2460,3832,A,0
2461,3833,A,1
2462,3834,A,0
2463,3835,B,2
2464,3836,A,1
2465,3838,B,0
2466,3839,A,1
2467,3840,A,2
2468,3843,B,0
2469,3844,B,0
2470,3845,A,2
2471,3846,B,1
2472,3848,A,2
2473,3849,B,1
2474,3851,B,0
2475,3854,B,1
2476,3855,B,2
2477,3856,B,1
2478,3858,A,1
2479,3859,A,2
2480,3860,A,1
2481,3863,A,0
2482,3864,A,2
2483,3865,B,1
2484,3866,A,1
2485,3867,B,0
2486,3868,B,1
2487,3869,A,1
2488,3870,A,2
2489,3871,A,1
2490,3872,B,1
2491,3873,A,0
2492,3876,A,2
2493,3877,A,2
2494,3879,B,1
2495,3880,B,2
2496,3881,A,0
2497,3883,A,0
2498,3884,A,1
2499,3886,A,1
2500,3887,B,1
2501,3888,B,0
2502,3889,B,0
2503,3890,A,2
2504,3891,B,2
2505,3892,A,2
2506,3893,A,2
2507,3894,B,2
2508,3896,B,0
2509,3898,B,2
2510,3899,B,0
2511,3900,B,0
2512,3902,B,2
2513,3903,A,0
2514,3904,A,0
2515,3905,A,0
2516,3906,B,0
2517,3907,A,2
2518,3908,A,2
2519,3910,A,1
2520,3911,B,0
2521,3912,A,1
2522,3914,A,1
2523,3915,B,0
2524,3916,B,2
2525,3918,A,0
2526,3920,A,0
2527,3921,A,1
2528,3922,B,1
2529,3923,A,2
2530,3925,A,0
2531,3926,A,2
2532,3927,A,2
2533,3930,B,2
2534,3932,B,2
2535,3936,B,0
2536,3937,B,2
2537,3939,A,2
2538,3940,B,0
2539,3943,B,0
2540,3944,A,0
2541,3945,A,2
2542,3946,B,2
2543,3948,A,1
2544,3949,B,1
2545,3951,B,1
2546,3952,B,1
2547,3955,A,2
2548,3956,A,0
2549,3957,A,2
2550,3958,A,0
2551,3959,A,1
2552,3960,B,0
2553,3961,B,2
2554,3963,B,1
2555,3964,A,2
2556,3966,B,1
2557,3967,B,1
2558,3968,B,0
2559,3970,A,0
2560,3971,B,2
2561,3972,B,1
2562,3973,B,0
2563,3975,A,2
2564,3978,B,2
2565,3981,B,0
2566,3982,B,1
2567,3984,A,0
2568,3985,B,1
2569,3986,B,2
2570,3987,A,1
2571,3988,A,0
2572,3991,A,0
2573,3992,B,0
2574,3994,A,0
2575,3995,A,1
2576,3997,A,1
2577,4000,B,0
2578,4001,A,0
2579,4002,A,2
2580,4005,A,0
2581,4006,B,1
2582,4007,B,2
2583,4008,A,1
2584,4009,A,0
2585,4010,B,2
2586,4012,A,1
2587,4013,A,1
2588,4014,A,1
2589,4015,B,2
2590,4016,A,1
2591,4017,A,1
2592,4018,B,0
2593,4021,A,1
2594,4022,B,0
2595,4023,B,0
2596,4027,B,0
2597,4029,B,2
2598,4030,A,0
2599,4032,B,2
2600,4033,A,1
2601,4037,A,1
2602,4038,A,1
2603,4043,B,0
2604,4044,B,0
2605,4045,A,0
2606,4047,B,1
2607,4048,A,1
2608,4049,A,0
2609,4050,B,1
2610,4051,B,0
2611,4052,A,2
2612,4053,B,0
2613,4055,B,0
2614,4056,A,2
2615,4057,B,1
2616,4059,B,2
2617,4060,B,2
2618,4061,B,2
2619,4063,A,1
2620,4066,A,1
2621,4067,B,0
2622,4068,A,2
2623,4069,A,2
2624,4072,B,1
2625,4073,B,0
2626,4076,B,0
2627,4077,B,2
2628,4078,A,2
2629,4079,A,1
2630,4080,B,0
2631,4081,B,2
2632,4082,B,0
2633,4084,A,1
2634,4085,A,1
2635,4086,B,2
2636,4087,B,1
2637,4090,B,2
2638,4091,A,2
2639,4092,B,0
2640,4094,A,1
2641,4095,A,0
2642,4096,B,0
2643,4098,B,0
2644,4099,A,0
2645,4100,B,2
2646,4103,A,2
2647,4105,B,1
2648,4107,A,0
2649,4108,B,0
2650,4109,B,0
2651,4111,A,1
2652,4112,B,2
2653,4113,A,1
2654,4115,A,1
2655,4116,B,2
2656,4117,B,2
2657,4118,B,2
2658,4119,A,1
2659,4122,B,2
2660,4123,A,2
2661,4124,A,2
2662,4125,A,2
2663,4127,B,2
2664,4128,B,1
2665,4131,B,0
2666,4132,B,0
2667,4133,A,1
2668,4134,B,0
2669,4135,B,2
2670,4136,A,0
2671,4137,B,1
2672,4139,B,0
2673,4141,A,0
2674,4142,B,2
2675,4144,A,0
2676,4146,B,1
2677,4148,A,2
2678,4149,A,0
2679,4150,A,2
2680,4151,A,0
2681,4152,A,1
2682,4153,A,0
2683,4154,A,0
2684,4155,B,2
2685,4156,A,2
2686,4157,A,0
2687,4158,A,1
2688,4159,B,2
2689,4162,B,2
2690,4165,A,2
2691,4167,B,1
2692,4168,A,2
2693,4169,A,0
2694,4170,A,0
2695,4172,B,0
2696,4173,B,0
2697,4174,B,0
2698,4176,B,2
2699,4178,A,1
2700,4183,B,0
2701,4185,A,0
2702,4186,B,0
2703,4187,A,0
2704,4188,A,1
2705,4189,A,1
2706,4190,A,1
2707,4193,B,2
2708,4194,A,2
2709,4195,A,2
2710,4197,B,0
2711,4200,A,0
2712,4201,B,2
2713,4202,A,1
2714,4203,B,1
2715,4204,A,1
2716,4205,B,1
2717,4206,A,0
2718,4208,A,0
2719,4209,A,0
2720,4210,A,2
2721,4212,A,1
2722,4213,A,2
2723,4214,A,2
2724,4216,A,1
2725,4217,A,1
2726,4218,B,0
2727,4219,A,0
2728,4220,B,1
2729,4222,A,1
2730,4223,B,2
2731,4224,A,1
2732,4225,A,1
2733,4226,B,1
2734,4231,B,2
2735,4232,A,1
2736,4233,A,1
2737,4235,B,0
2738,4236,B,1
2739,4237,B,2
2740,4238,B,1
2741,4239,B,0
2742,4241,B,2
2743,4242,A,0
2744,4243,A,0
2745,4244,A,0
2746,4245,A,2
2747,4249,A,2
2748,4250,A,2
2749,4251,B,0
2750,4252,B,1
2751,4253,B,0
2752,4254,B,1
2753,4255,B,1
2754,4256,B,2
2755,4257,A,1
2756,4259,B,1
2757,4261,A,0
2758,4263,A,1
2759,4264,A,2
2760,4265,B,1
2761,4267,B,0
2762,4269,A,0
2763,4271,B,2
2764,4272,B,1
2765,4274,B,2
2766,4278,B,1
2767,4279,B,2
2768,4281,B,1
2769,4282,B,1
2770,4283,A,1
2771,4285,A,0
2772,4286,A,1
2773,4287,A,1
2774,4288,A,0
2775,4289,A,2
2776,4291,A,1
2777,4293,B,2
2778,4294,B,0
2779,4296,B,0
2780,4297,A,2
2781,4298,B,2
2782,4300,A,1
2783,4301,B,2
2784,4302,A,2
2785,4303,A,0
2786,4304,A,0
2787,4305,B,1
2788,4307,A,2
2789,4308,B,0
2790,4309,A,0
2791,4310,B,0
2792,4312,A,1
2793,4313,A,0
2794,4315,A,2
2795,4317,B,2
2796,4318,A,0
2797,4320,B,0
2798,4322,B,1
2799,4323,B,0
2800,4325,B,2
2801,4326,B,1
2802,4327,B,2
2803,4328,B,2
2804,4331,A,2
2805,4334,A,0
2806,4337,B,1
2807,4339,B,0
2808,4340,B,1
2809,4342,B,1
2810,4345,A,1
2811,4346,B,0
2812,4348,B,2
2813,4349,A,1
2814,4351,A,1
2815,4353,B,1
2816,4354,B,1
2817,4355,B,1
2818,4356,A,2
2819,4357,B,0
2820,4359,A,2
2821,4360,B,2
2822,4361,B,1
2823,4363,B,1
2824,4365,B,1
2825,4366,A,0
2826,4370,A,0
2827,4372,B,2
2828,4374,A,1
2829,4375,A,1
2830,4376,A,1
2831,4377,B,2
2832,4380,A,0
2833,4381,B,0
2834,4382,A,0
2835,4383,A,0
2836,4385,B,0
2837,4386,A,0
2838,4388,B,2
2839,4390,B,2
2840,4391,B,2
2841,4392,B,1
2842,4394,B,2
2843,4395,B,2
2844,4397,A,0
2845,4398,A,1
2846,4399,A,1
2847,4400,A,0
2848,4402,A,1
2849,4403,B,2
2850,4405,A,0
2851,4406,B,2
2852,4409,B,0
2853,4410,A,2
2854,4411,B,2
2855,4412,A,2
2856,4413,B,2
2857,4414,B,2
2858,4415,B,1
2859,4417,A,0
2860,4418,A,0
2861,4419,B,1
2862,4421,B,0
2863,4423,B,0
2864,4424,B,2
2865,4426,B,2
2866,4427,B,2
2867,4428,B,0
2868,4429,A,2
2869,4430,A,1
2870,4432,B,0
2871,4433,A,1
2872,4434,A,1
2873,4435,B,0
2874,4436,A,0
2875,4437,B,1
2876,4438,B,2
2877,4440,B,2
2878,4441,A,0
2879,4443,A,2
2880,4444,A,0
2881,4445,A,1
2882,4446,B,0
2883,4447,B,1
2884,4448,B,2
2885,4450,A,0
2886,4451,B,1
2887,4452,B,2
2888,4453,B,2
2889,4454,B,1
2890,4455,B,2
2891,4457,B,1
2892,4459,B,2
2893,4460,A,2
2894,4461,A,2
2895,4465,A,2
2896,4467,B,0
2897,4468,B,2
2898,4470,A,2
2899,4472,B,2
2900,4473,B,0
2901,4474,B,1
2902,4475,B,2
2903,4476,B,0
2904,4477,A,2
2905,4478,B,2
2906,4479,B,2
2907,4480,B,2
2908,4481,B,1
2909,4482,B,2
2910,4484,B,2
2911,4485,B,2
2912,4486,B,2
2913,4489,A,1
2914,4490,A,2
2915,4491,A,1
2916,4495,B,2
2917,4496,A,1
2918,4497,A,1
2919,4498,B,0
2920,4499,B,0
2921,4502,A,0
2922,4503,A,2
2923,4507,B,1
2924,4508,A,2
2925,4509,A,1
2926,4510,B,2
2927,4511,A,2
2928,4512,B,1
2929,4515,B,1
2930,4516,B,0
2931,4517,A,2
2932,4519,B,0
2933,4520,A,0
2934,4521,B,2
2935,4522,A,1
2936,4524,A,1
2937,4525,A,1
2938,4527,A,2
2939,4528,A,0
2940,4529,B,0
2941,4530,B,1
2942,4531,A,0
2943,4532,B,1
2944,4533,A,0
2945,4534,B,2
2946,4537,A,2
2947,4539,B,0
2948,4540,B,0
2949,4542,A,2
2950,4543,A,1
2951,4544,B,1
2952,4546,A,1
2953,4549,A,2
2954,4552,B,1
2955,4553,B,1
2956,4554,B,1
2957,4555,A,1
2958,4556,B,1
2959,4557,A,1
2960,4559,B,1
2961,4560,A,2
2962,4561,A,0
2963,4563,A,2
2964,4564,B,1
2965,4565,A,0
2966,4566,B,2
2967,4568,A,1
2968,4569,A,1
2969,4570,B,0
2970,4573,A,0
2971,4575,A,2
2972,4577,A,0
2973,4581,B,0
2974,4582,A,2
2975,4583,A,2
2976,4584,B,0
2977,4585,A,1
2978,4586,A,0
2979,4587,A,1
2980,4588,A,0
2981,4591,A,2
2982,4592,B,0
2983,4595,A,2
2984,4596,A,1
2985,4597,A,2
2986,4599,A,1
2987,4600,A,1
2988,4601,A,1
2989,4605,B,1
2990,4606,B,2
2991,4611,A,1
2992,4613,B,2
2993,4615,A,1
2994,4616,A,2
2995,4617,A,0
2996,4618,A,0
2997,4619,B,1
2998,4620,B,0
2999,4621,A,2
3000,4622,B,0
3001,4623,A,0
3002,4624,A,2
3003,4625,A,2
3004,4627,A,1
3005,4628,B,1
3006,4629,A,0
3007,4630,B,0
3008,4631,A,0
3009,4633,A,2
3010,4634,B,2
3011,4635,A,2
3012,4636,A,1
3013,4638,A,2
3014,4640,A,2
3015,4641,B,0
3016,4643,B,1
3017,4644,B,0
3018,4647,B,2
3019,4648,B,2
3020,4650,B,2
3021,4652,A,1
3022,4653,B,1
3023,4656,A,2
3024,4657,A,1
3025,4659,A,0
3026,4660,B,1
3027,4661,B,1
3028,4662,B,0
3029,4663,B,1
3030,4664,B,1
3031,4665,A,1
3032,4666,B,0
3033,4667,A,0
3034,4668,B,0
3035,4669,A,1
3036,4670,B,0
3037,4671,A,1
3038,4674,A,1
3039,4675,A,1
3040,4676,B,1
3041,4677,B,0
3042,4678,A,1
3043,4679,A,1
3044,4681,B,2
3045,4683,B,0
3046,4684,A,1
3047,4685,A,2
3048,4687,A,1
3049,4689,A,0
3050,4691,A,0
3051,4692,B,2
3052,4693,A,1
3053,4694,A,2
3054,4696,A,1
3055,4698,A,2
3056,4699,A,1
3057,4700,B,1
3058,4701,B,1
3059,4702,A,1
3060,4703,A,0
3061,4705,B,2
3062,4706,B,1
3063,4707,B,1
3064,4708,A,2
3065,4710,B,0
3066,4711,A,0
3067,4712,B,2
3068,4713,B,1
3069,4715,A,0
3070,4716,A,2
3071,4718,A,2
3072,4719,A,1
3073,4720,A,1
3074,4722,B,2
3075,4725,A,0
3076,4726,A,0
3077,4727,B,1
3078,4730,B,0
3079,4731,A,2
3080,4735,B,1
3081,4736,B,0
3082,4738,A,2
3083,4741,A,1
3084,4742,B,1
3085,4744,A,1
3086,4746,B,1
3087,4747,B,0
3088,4748,B,2
3089,4749,B,1
3090,4750,A,2
3091,4751,B,1
3092,4752,B,0
3093,4755,B,1
3094,4757,A,2
3095,4758,A,0
3096,4759,A,1
3097,4761,B,0
3098,4762,A,1
3099,4764,B,0
3100,4765,A,1
3101,4767,B,1
3102,4769,A,2
3103,4771,B,1
3104,4772,A,0
3105,4775,B,2
3106,4776,A,2
3107,4777,A,2
3108,4778,A,2
3109,4780,A,1
3110,4781,B,2
3111,4782,A,0
3112,4783,B,2
3113,4785,A,1
3114,4786,A,1
3115,4787,B,1
3116,4788,B,1
3117,4789,A,1
3118,4790,B,1
3119,4791,B,1
3120,4792,A,2
3121,4793,A,1
3122,4795,A,1
3123,4797,A,0
3124,4798,B,0
3125,4802,A,2
3126,4803,A,2
3127,4804,B,0
3128,4805,B,2
3129,4806,A,1
3130,4808,A,1
3131,4810,B,2
3132,4811,B,0
3133,4812,A,1
3134,4813,A,0
3135,4815,B,2
3136,4817,B,1
3137,4819,B,1
3138,4820,B,2
3139,4825,A,2
3140,4826,B,1
3141,4827,A,1
3142,4830,B,1
3143,4831,B,2
3144,4832,B,0
3145,4833,A,1
3146,4834,B,1
3147,4835,A,1
3148,4836,A,1
3149,4838,B,1
3150,4842,A,2
3151,4844,A,1
3152,4847,A,0
3153,4848,A,0
3154,4849,A,1
3155,4850,B,2
3156,4853,A,2
3157,4854,A,2
3158,4855,A,1
3159,4857,A,1
3160,4858,A,0
3161,4860,A,1
3162,4861,A,2
3163,4863,B,2
3164,4864,A,0
3165,4865,A,1
3166,4866,B,0
3167,4867,A,1
3168,4868,B,0
3169,4869,B,0
3170,4870,B,1
3171,4872,A,1
3172,4874,B,0
3173,4876,B,2
3174,4877,B,2
3175,4880,A,0
3176,4881,B,0
3177,4882,B,2
3178,4883,B,1
3179,4884,B,0
3180,4885,B,0
3181,4887,A,2
3182,4888,A,2
3183,4890,A,2
3184,4891,A,2
3185,4892,B,2
3186,4893,A,0
3187,4896,B,2
3188,4897,A,2
3189,4898,B,0
3190,4899,A,0
3191,4900,A,2
3192,4901,A,2
3193,4906,B,2
3194,4909,B,2
3195,4911,A,1
3196,4912,A,0
3197,4913,B,0
3198,4915,B,1
3199,4920,A,0
3200,4921,A,2
3201,4922,A,0
3202,4923,A,1
3203,4925,A,1
3204,4927,A,0
3205,4929,A,1
3206,4931,B,2
3207,4932,B,2
3208,4933,A,1
3209,4934,A,0
3210,4935,A,1
3211,4936,A,1
3212,4937,B,2
3213,4938,B,1
3214,4940,B,2
3215,4941,B,2
3216,4942,A,1
3217,4944,A,1
3218,4945,A,1
3219,4946,A,2
3220,4947,B,0
3221,4949,B,2
3222,4950,B,0
3223,4953,B,0
3224,4954,B,2
3225,4957,A,0
3226,4958,B,2
3227,4960,A,0
3228,4962,A,2
3229,4963,B,2
3230,4965,A,0
3231,4967,B,0
3232,4968,B,1
3233,4970,A,0
3234,4971,B,1
3235,4974,B,0
3236,4977,A,0
3237,4980,B,2
3238,4981,B,0
3239,4983,A,0
3240,4985,B,0
3241,4987,B,2
3242,4988,B,0
3243,4989,B,1
3244,4990,A,2
3245,4993,B,2
3246,4994,B,0
3247,4995,A,1
3248,4996,A,2
3249,4998,B,2
3250,4999,A,2
3251,5000,B,0
3252,5001,A,0
3253,5003,A,0
3254,5004,A,1
3255,5006,B,0
3256,5008,A,0
3257,5010,A,1
3258,5011,A,1
3259,5012,B,2
3260,5013,B,2
3261,5018,A,0
3262,5019,A,0
3263,5020,A,1
3264,5021,A,1
3265,5023,A,1
3266,5024,B,2
3267,5027,B,1
3268,5031,B,1
3269,5032,A,0
3270,5033,A,0
3271,5035,B,0
3272,5036,A,2
3273,5037,B,1
3274,5038,A,2
3275,5039,A,1
3276,5040,B,2
3277,5043,B,2
3278,5046,B,0
3279,5047,A,1
3280,5050,A,2
3281,5051,B,2
3282,5052,B,2
3283,5053,A,2
3284,5054,A,1
3285,5057,A,0
3286,5058,A,2
3287,5059,A,2
3288,5060,A,0
3289,5061,A,1
3290,5062,A,2
3291,5064,B,0
3292,5066,B,2
3293,5067,B,0
3294,5068,A,2
3295,5069,B,2
3296,5071,A,0
3297,5072,B,0
3298,5073,A,1
3299,5075,A,0
3300,5076,B,2
3301,5078,A,0
3302,5079,B,2
3303,5080,A,2
3304,5081,B,2
3305,5084,A,2
3306,5085,B,2
3307,5086,B,1
3308,5087,A,1
3309,5088,B,2
3310,5089,A,0
3311,5090,A,2
3312,5093,B,0
3313,5094,B,2
3314,5095,B,2
3315,5096,B,2
3316,5098,A,1
3317,5099,B,0
3318,5102,A,0
3319,5103,B,1
3320,5104,A,0
3321,5106,B,0
3322,5107,B,0
3323,5108,A,1
3324,5109,A,1
3325,5110,A,2
3326,5111,B,0
3327,5112,A,2
3328,5115,A,0
3329,5116,A,1
3330,5117,B,0
3331,5118,A,1
3332,5121,A,0
3333,5122,A,1
3334,5128,B,2
3335,5131,B,1
3336,5134,B,1
3337,5136,B,1
3338,5138,B,2
3339,5139,A,0
3340,5140,A,2
3341,5142,B,0
3342,5144,B,2
3343,5145,A,2
3344,5146,A,0
3345,5148,B,2
3346,5150,B,0
3347,5151,B,1
3348,5152,A,1
3349,5153,A,0
3350,5154,B,0
3351,5155,A,2
3352,5157,A,1
3353,5158,A,0
3354,5161,B,0
3355,5162,A,2
3356,5164,A,0
3357,5165,A,1
3358,5166,B,2
3359,5167,A,0
3360,5168,B,1
3361,5169,A,1
3362,5171,B,1
3363,5172,B,1
3364,5173,B,0
3365,5174,B,2
3366,5175,B,0
3367,5177,B,2
3368,5178,A,2
3369,5180,A,2
3370,5181,A,1
3371,5183,B,1
3372,5184,A,2
3373,5185,A,2
3374,5187,A,0
3375,5188,B,1
3376,5189,A,2
3377,5190,B,2
3378,5191,B,2
3379,5192,B,1
3380,5194,A,1
3381,5195,B,0
3382,5196,B,1
3383,5200,B,2
3384,5201,B,2
3385,5202,A,0
3386,5204,A,0
3387,5205,B,1
3388,5206,B,0
3389,5207,B,2
3390,5208,B,1
3391,5210,A,1
3392,5211,B,0
3393,5212,A,2
3394,5214,A,1
3395,5215,B,0
3396,5217,B,2
3397,5219,B,1
3398,5222,A,2
3399,5224,A,0
3400,5225,A,2
3401,5227,B,1
3402,5228,A,0
3403,5229,B,1
3404,5230,B,2
3405,5231,A,2
3406,5232,A,1
3407,5233,A,0
3408,5234,B,0
3409,5235,A,1
3410,5236,A,1
3411,5237,A,2
3412,5238,B,2
3413,5240,A,2
3414,5241,A,1
3415,5242,A,0
3416,5243,A,2
3417,5245,A,1
3418,5247,A,0
3419,5248,B,1
3420,5249,A,0
3421,5251,B,2
3422,5254,B,0
3423,5255,B,1
3424,5256,A,1
3425,5257,B,1
3426,5258,A,2
3427,5260,A,2
3428,5261,A,2
3429,5265,B,2
3430,5267,B,1
3431,5268,B,2
3432,5270,B,2
3433,5271,B,2
3434,5274,A,0
3435,5275,A,1
3436,5276,B,2
3437,5278,B,1
3438,5280,B,1
3439,5282,A,1
3440,5283,B,2
3441,5287,B,2
3442,5288,B,0
3443,5289,A,1
3444,5292,A,1
3445,5296,B,0
3446,5297,B,0
3447,5298,B,0
3448,5299,B,0
3449,5301,A,1
3450,5303,A,1
3451,5304,A,2
3452,5306,A,0
3453,5307,A,1
3454,5308,B,0
3455,5309,B,0
3456,5314,B,1
3457,5315,A,2
3458,5316,B,2
3459,5317,B,1
3460,5319,A,0
3461,5320,B,1
3462,5321,B,1
3463,5323,B,0
3464,5324,A,2
3465,5325,B,0
3466,5326,B,2
3467,5327,B,2
3468,5328,B,0
3469,5330,A,0
3470,5333,B,1
3471,5336,B,0
3472,5338,B,1
3473,5339,A,0
3474,5342,B,2
3475,5343,A,0
3476,5344,A,1
3477,5346,A,0
3478,5347,A,2
3479,5349,B,2
3480,5350,B,1
3481,5354,A,0
3482,5356,B,1
3483,5357,A,1
3484,5358,A,2
3485,5359,A,2
3486,5360,A,1
3487,5361,A,1
3488,5362,B,0
3489,5364,B,2
3490,5365,B,2
3491,5368,A,1
3492,5369,A,0
3493,5370,B,1
3494,5371,B,1
3495,5373,B,2
3496,5374,A,2
3497,5375,A,2
3498,5377,B,1
3499,5379,A,0
3500,5380,B,2
3501,5381,A,2
3502,5382,B,2
3503,5383,A,2
3504,5384,B,1
3505,5385,B,2
3506,5386,A,2
3507,5387,A,2
3508,5388,A,0
3509,5389,A,1
3510,5391,B,1
3511,5393,A,1
3512,5394,B,2
3513,5397,B,1
3514,5398,A,0
3515,5399,A,1
3516,5400,B,1
3517,5402,A,1
3518,5404,B,0
3519,5406,A,1
3520,5408,B,2
3521,5409,B,1
3522,5410,B,0
3523,5412,B,1
3524,5413,B,1
3525,5414,A,1
3526,5417,A,0
3527,5418,B,0
3528,5419,A,2
3529,5420,A,2
3530,5423,A,2
3531,5425,A,1
3532,5426,A,0
3533,5427,A,2
3534,5428,A,0
3535,5429,B,2
3536,5430,B,2
3537,5431,B,1
3538,5432,A,0
3539,5436,A,0
3540,5437,A,2
3541,5438,A,1
3542,5441,B,2
3543,5442,A,2
3544,5444,B,0
3545,5445,A,2
3546,5449,B,2
3547,5451,A,1
3548,5453,A,2
3549,5454,B,2
3550,5455,A,0
3551,5456,B,1
3552,5458,B,2
3553,5461,A,1
3554,5462,B,2
3555,5463,B,2
3556,5464,B,2
3557,5465,A,0
3558,5466,A,1
3559,5467,A,1
3560,5469,A,0
3561,5471,A,2
3562,5475,B,0
3563,5478,B,1
3564,5479,B,2
3565,5480,B,0
3566,5484,A,2
3567,5485,A,2
3568,5486,B,0
3569,5488,B,0
3570,5489,B,0
3571,5490,B,2
3572,5492,B,2
3573,5493,A,0
3574,5494,A,0
3575,5496,B,2
3576,5497,B,1
3577,5498,A,1
3578,5500,A,0
3579,5503,A,2
3580,5504,B,1
3581,5505,B,1
3582,5506,A,2
3583,5509,B,0
3584,5511,B,1
3585,5513,B,2
3586,5514,B,1
3587,5515,A,2
3588,5516,B,0
3589,5517,A,1
3590,5518,B,0
3591,5519,A,1
3592,5520,A,2
3593,5523,A,1
3594,5525,A,2
3595,5527,B,0
3596,5528,A,0
3597,5531,A,2
3598,5532,B,2
3599,5533,A,2
3600,5534,A,0
3601,5536,B,1
3602,5537,B,2
3603,5539,A,0
3604,5541,B,0
3605,5542,A,0
3606,5543,B,2
3607,5544,A,0
3608,5545,A,2
3609,5546,B,1
3610,5547,B,1
3611,5548,A,1
3612,5549,B,2
3613,5551,A,1
3614,5552,A,1
3615,5553,A,2
3616,5556,A,0
3617,5557,A,1
3618,5558,B,2
3619,5560,A,0
3620,5562,A,2
3621,5564,B,1
3622,5566,B,2
3623,5567,B,2
3624,5568,A,0
3625,5569,A,0
3626,5570,B,2
3627,5571,A,2
3628,5572,B,1
3629,5573,A,2
3630,5574,A,1
3631,5578,A,2
3632,5579,B,1
3633,5580,B,1
3634,5581,A,1
3635,5584,A,2
3636,5585,A,1
3637,5587,A,1
3638,5589,A,1
3639,5590,B,0
3640,5592,A,0
3641,5595,B,1
3642,5596,A,1
3643,5597,A,1
3644,5599,B,1
3645,5601,A,2
3646,5602,B,1
3647,5603,B,1
3648,5605,A,2
3649,5606,A,2
3650,5607,B,1
3651,5609,A,2
3652,5611,B,1
3653,5613,A,1
3654,5615,A,0
3655,5617,A,2
3656,5618,A,2
3657,5619,A,1
3658,5620,B,2
3659,5621,B,2
3660,5622,B,0
3661,5624,A,0
3662,5625,A,1
3663,5626,B,0
3664,5627,B,0
3665,5628,B,0
3666,5633,B,1
3667,5634,B,0
3668,5636,A,2
3669,5637,A,2
3670,5638,A,2
3671,5639,B,0
3672,5640,B,2
3673,5642,B,2
3674,5645,B,2
3675,5646,A,0
3676,5647,B,2
3677,5648,B,0
3678,5649,B,2
3679,5650,B,2
3680,5651,A,1
3681,5652,B,2
3682,5654,B,2
3683,5655,A,0
3684,5656,B,0
3685,5657,A,1
3686,5658,A,1
3687,5659,B,1
3688,5660,B,2
3689,5661,A,2
3690,5662,B,0
3691,5663,A,2
3692,5665,B,2
3693,5666,B,0
3694,5667,B,1
3695,5668,A,1
3696,5669,A,0
3697,5670,A,0
3698,5671,B,1
3699,5672,A,0
3700,5673,B,1
3701,5674,B,2
3702,5675,B,1
3703,5676,A,1
3704,5677,A,1
3705,5678,A,0
3706,5679,B,1
3707,5682,B,0
3708,5683,B,2
3709,5685,B,2
3710,5686,A,2
3711,5687,B,2
3712,5688,B,2
3713,5689,B,1
3714,5690,B,2
3715,5692,B,1
3716,5695,B,2
3717,5696,A,1
3718,5697,A,0
3719,5698,B,2
3720,5699,A,1
3721,5700,B,0
3722,5701,A,2
3723,5702,A,0
3724,5703,B,2
3725,5704,B,2
3726,5705,A,2
3727,5707,A,2
3728,5710,A,0
3729,5711,B,2
3730,5712,A,2
3731,5715,B,1
3732,5716,A,1
3733,5718,B,0
3734,5719,B,1
3735,5720,B,2
3736,5722,A,0
3737,5723,B,2
3738,5724,A,0
3739,5725,B,2
3740,5727,B,0
3741,5730,A,0
3742,5732,A,0
3743,5735,A,0
3744,5737,A,1
3745,5738,A,2
3746,5740,B,2
3747,5742,B,0
3748,5744,A,1
3749,5745,A,1
3750,5746,A,1
3751,5747,B,0
3752,5749,A,1
3753,5750,A,0
3754,5751,A,2
3755,5752,B,2
3756,5753,A,1
3757,5755,A,1
3758,5756,B,1
3759,5759,A,0
3760,5760,A,2
3761,5761,B,1
3762,5762,B,2
3763,5763,B,0
3764,5764,B,0
3765,5765,B,2
3766,5772,B,2
3767,5773,B,0
3768,5774,A,1
3769,5778,A,1
3770,5779,B,0
3771,5780,A,0
3772,5781,A,1
3773,5782,B,1
3774,5783,A,0
3775,5785,A,0
3776,5786,A,0
3777,5788,B,1
3778,5789,A,0
3779,5791,A,2
3780,5792,A,1
3781,5793,B,1
3782,5795,B,2
3783,5796,B,2
3784,5801,A,0
3785,5803,A,1
3786,5804,A,0
3787,5806,B,2
3788,5807,A,0
3789,5809,B,2
3790,5810,B,2
3791,5811,B,2
3792,5812,A,1
3793,5813,A,1
3794,5814,A,2
3795,5815,B,0
3796,5819,B,2
3797,5820,A,1
3798,5823,B,0
3799,5825,B,2
3800,5826,A,0
3801,5828,B,0
3802,5830,B,1
3803,5832,B,1
3804,5833,A,0
3805,5834,B,0
3806,5835,B,0
3807,5838,B,2
3808,5840,B,2
3809,5842,A,2
3810,5843,A,0
3811,5844,B,2
3812,5845,B,2
3813,5846,A,1
3814,5847,B,0
3815,5848,A,0
3816,5850,B,1
3817,5851,A,2
3818,5852,A,1
3819,5853,A,0
3820,5854,A,1
3821,5855,A,2
3822,5857,A,0
3823,5860,B,0
3824,5861,B,1
3825,5862,B,2
3826,5863,A,0
3827,5864,B,2
3828,5865,B,1
3829,5866,A,0
3830,5867,B,1
3831,5868,B,2
3832,5869,A,2
3833,5870,A,0
3834,5874,B,1
3835,5875,A,0
3836,5878,B,2
3837,5879,B,0
3838,5880,A,1
3839,5882,A,2
3840,5883,A,0
3841,5884,B,0
3842,5886,A,1
3843,5887,A,1
3844,5888,A,0
3845,5889,B,2
3846,5890,A,1
3847,5891,B,0
3848,5892,A,2
3849,5894,A,1
3850,5895,B,1
3851,5896,B,2
3852,5897,B,2
3853,5898,A,1
3854,5901,B,1
3855,5902,B,2
3856,5903,A,0
3857,5904,B,0
3858,5905,B,0
3859,5906,B,1
3860,5907,A,2
3861,5909,B,1
3862,5910,A,1
3863,5911,A,1
3864,5913,A,0
3865,5914,B,1
3866,5915,B,0
3867,5916,B,1
3868,5917,A,1
3869,5919,B,2
3870,5920,B,2
3871,5921,A,1
3872,5922,A,0
3873,5923,A,0
3874,5925,B,0
3875,5926,A,2
3876,5927,B,2
3877,5930,A,1
3878,5931,B,0
3879,5933,B,2
3880,5934,A,1
3881,5935,A,2
3882,5936,A,0
3883,5938,A,0
3884,5939,A,2
3885,5940,A,1
3886,5941,A,2
3887,5942,A,1
3888,5945,B,0
3889,5946,A,2
3890,5947,A,1
3891,5948,A,0
3892,5949,B,2
3893,5951,A,1
3894,5952,A,1
3895,5953,A,1
3896,5954,A,0
3897,5956,A,1
3898,5957,A,0
3899,5958,A,2
3900,5960,B,1
3901,5962,B,2
3902,5964,B,1
3903,5968,A,2
3904,5970,B,1
3905,5971,B,1
3906,5972,A,0
3907,5973,B,2
3908,5975,A,1
3909,5979,B,2
3910,5984,A,1
3911,5985,A,1
3912,5988,B,2
3913,5989,B,0
3914,5990,B,0
3915,5991,A,0
3916,5993,A,2
3917,5996,A,2
3918,5997,B,1
3919,5999,B,0
41,66,B,2
131,192,A,0
141,209,B,2
169,254,B,0
200,312,B,1
202,314,B,2
208,324,B,2
222,352,B,1
260,414,B,1
263,417,B,1
265,420,A,2
272,434,B,0
281,444,B,0
303,480,B,1
313,495,A,0
319,504,A,2
321,506,B,2
323,508,A,2
352,560,B,0
387,612,B,2
405,640,B,1
407,642,A,1
409,651,A,2
453,728,B,1
467,745,B,2
527,834,A,2
551,870,B,0
553,872,B,2
555,874,B,2
566,890,B,2
573,901,B,1
574,903,B,1
592,934,B,1
595,937,B,1
635,1000,B,1
643,1014,B,0
680,1085,B,0
686,1098,B,0
701,1116,B,0
710,1138,B,2
714,1144,A,0
715,1145,B,2
743,1192,B,0
750,1200,B,2
782,1243,B,0
803,1271,B,1
816,1291,B,1
825,1304,B,0
828,1307,B,0
834,1317,B,2
835,1321,B,0
854,1347,B,1
870,1373,B,2
872,1375,B,2
878,1383,B,0
882,1394,B,1
883,1395,B,0
914,1438,B,1
929,1467,B,2
993,1571,B,0
1011,1597,B,2
1047,1648,B,2
1058,1667,A,2
1061,1673,B,0
1093,1720,B,2
1098,1727,B,0
1101,1732,B,0
1106,1738,B,0
1129,1773,A,2
1136,1782,A,1
1138,1785,B,1
1173,1837,B,1
1181,1848,B,0
1225,1923,B,2
1240,1941,A,0
1243,1946,A,1
1260,1972,A,0
1301,2036,B,2
1302,2037,B,1
1313,2063,B,1
1320,2072,B,2
1321,2074,B,1
1323,2076,A,2
1326,2079,B,1
1352,2112,A,0
1360,2121,B,1
1361,2124,B,1
1370,2145,A,1
1391,2168,B,2
1413,2202,B,0
1421,2211,B,2
1446,2244,A,2
1458,2265,B,0
1492,2314,B,2
1496,2321,B,1
1507,2343,A,1
1522,2367,B,0
1567,2435,B,1
1630,2527,B,0
1650,2558,A,0
1653,2564,B,2
1655,2567,B,2
1657,2569,B,0
1672,2592,B,2
1704,2642,B,2
1710,2653,B,0
1767,2740,A,2
1800,2797,B,0
1802,2800,B,1
1806,2808,A,1
1809,2812,A,0
1812,2818,A,1
1814,2821,B,0
1863,2884,B,0
1894,2936,B,0
1914,2963,A,0
1921,2971,B,1
1930,2983,B,1
1936,2997,B,0
1952,3020,B,0
1972,3051,B,0
1983,3068,B,0
2028,3142,B,2
2068,3216,B,0
2126,3311,B,1
2185,3398,B,2
2191,3406,B,0
2192,3407,B,2
2238,3469,B,0
2246,3485,B,0
2248,3487,B,1
2249,3489,B,0
2292,3567,B,1
2295,3572,B,0
2342,3640,B,2
2347,3646,B,0
2363,3673,B,0
2381,3700,A,1
2414,3750,A,0
2443,3800,B,1
2450,3813,B,2
2451,3817,B,0
2457,3828,B,0
2473,3849,B,1
2475,3854,B,1
2490,3872,B,1
2491,3873,A,0
2494,3879,B,1
2498,3884,A,1
2502,3889,B,0
2534,3932,B,2
2553,3961,B,2
2557,3967,B,1
2568,3985,B,1
2573,3992,B,0
2595,4023,B,0
2606,4047,B,1
2610,4051,B,0
2630,4080,B,0
2634,4085,A,1
2636,4087,B,1
2655,4116,B,2
2679,4150,A,2
2695,4172,B,0
2698,4176,B,2
2726,4218,B,0
2732,4225,A,1
2739,4237,B,2
2768,4281,B,1
2801,4326,B,1
2802,4327,B,2
2858,4415,B,1
2866,4427,B,2
2903,4476,B,0
2912,4486,B,2
2964,4564,B,1
2989,4605,B,1
2992,4613,B,2
3000,4622,B,0
3016,4643,B,1
3029,4663,B,1
3037,4671,A,1
3057,4700,B,1
3058,4701,B,1
3063,4707,B,1
3080,4735,B,1
3084,4742,B,1
3135,4815,B,2
3138,4820,B,2
3140,4826,B,1
3142,4830,B,1
3187,4896,B,2
3207,4932,B,2
3224,4954,B,2
3234,4971,B,1
3278,5046,B,0
3317,5099,B,0
3330,5117,B,0
3361,5169,A,1
3379,5192,B,1
3466,5326,B,2
3494,5371,B,1
3499,5379,A,0
3510,5391,B,1
3520,5408,B,2
3528,5419,A,2
3554,5462,B,2
3564,5479,B,2
3575,5496,B,2
3576,5497,B,1
3585,5513,B,2
3622,5566,B,2
3627,5571,A,2
3646,5602,B,1
3706,5679,B,1
3709,5685,B,2
3712,5688,B,2
3725,5704,B,2
3733,5718,B,0
3735,5720,B,2
3766,5772,B,2
3770,5779,B,0
3821,5855,A,2
3828,5865,B,1
3830,5867,B,1
3836,5878,B,2
3846,5890,A,1
3847,5891,B,0
3857,5904,B,0
3867,5916,B,1
3878,5931,B,0
3879,5933,B,2
